id	Spalte	text	Keyword	property	Konzept
00.10	r_s	ton sensible, réflexions morales	ton sensible	tonality	sensibilité
00.100	r_s	ton satirique	ton satirique	tonality	satire
00.102	r_s	sensibilité	sensibilité	tonality	sensibilité
00.114	r_s	ton sentimental	ton sentimental	tonality	ton sentimental
00.117	r_s	ton léger mêlé de sensibilité	sensibilité	tonality	sensibilité
00.117	r_s	ton léger mêlé de sensibilité	ton léger mêlé de sensibilité	tonality	ton léger
00.118	r_s	couleur locale	couleur locale	tonality	couleur locale
00.121	r_s	ton satirique, tendances réalistes	tendances réalistes	tonality	tendances réalistes
00.121	r_s	ton satirique, tendances réalistes	ton satirique	tonality	satire
00.122	r_s	ton léger	ton léger	tonality	ton léger
00.126	r_s	ton sensible	ton sensible	tonality	sensibilité
00.127	r_s	ton léger	ton léger	tonality	ton léger
00.129	r_s	ton léger	ton léger	tonality	ton léger
00.130	r_s	éléments historiques, sensibilité, mélancolie	mélancolie	tonality	mélancolie
00.130	r_s	éléments historiques, sensibilité, mélancolie	sensibilité	tonality	sensibilité
00.131	r_s	sensibilité, éléments du roman noir	sensibilité	tonality	sensibilité
00.137	r_s	critique des mœurs et des institutions (à la manière des Lettres persanes)	critique	tonality	critique
00.137	r_s	critique des mœurs et des institutions (à la manière des Lettres persanes)	à la manière des Lettres persanes	tonality	manière imitée (parodie)
00.138	r_s	ton satirique	ton satirique	tonality	satire
00.140	r_s	sensibilité	sensibilité	tonality	sensibilité
00.141	r_s	sensibilité	sensibilité	tonality	sensibilité
00.143	r_s	couleur locale, éléments merveilleux	éléments merveilleux	tonality	conte de fée
00.143	r_s	couleur locale, éléments merveilleux	couleur locale	tonality	couleur locale
00.144	r_s	ton facétieux	ton facétieux	tonality	ton léger
00.145	r_s	genre troubadour	genre troubadour	tonality	style poétique
00.146	r_s	sensibilité et prétentions moralisatrices	sensibilité	tonality	sensibilité
00.149	r_s	mélancolie, mystères, sensibilité	mélancolie	tonality	mélancolie
00.149	r_s	mélancolie, mystères, sensibilité	sensibilité	tonality	sensibilité
00.150	r_s	tableau de mœurs, ton sensible et moralisateur	ton sensible	tonality	sensibilité
00.151	r_s	ton satirique	ton satirique	tonality	satire
00.152	r_s	ton léger	ton léger	tonality	ton léger
00.155	r_s	éléments merveilleux, prose poétique	éléments merveilleux	tonality	conte de fée
00.155	r_s	éléments merveilleux, prose poétique	prose poétique	tonality	style poétique
00.16	r_s	précisions pornographiques	précisions pornographiques	tonality	précisions pornographiques
00.18	r_s	peinture des mœurs, ton sentimental	ton sentimental	tonality	ton sentimental
00.19	r_s	ton satirique	ton satirique	tonality	satire
00.21	r_s	ton satirique	ton satirique	tonality	satire
00.26	r_s	bienfaisance, sensibilité	sensibilité	tonality	sensibilité
00.28	r_s	ton sentimental et moralisateur	ton sentimental	tonality	ton sentimental
00.35	r_s	ton léger	ton léger	tonality	ton léger
00.43	r_s	ton satirique	ton satirique	tonality	satire
00.44	r_s	sensibilité	sensibilité	tonality	sensibilité
00.48	r_s	ton sensible	ton sensible	tonality	sensibilité
00.54	r_s	sensibilité, mélancolie, éléments du roman noir (grotte, couvents)	éléments du roman noir (grotte, couvents)	tonality	manière imitée (parodie)
00.54	r_s	sensibilité, mélancolie, éléments du roman noir (grotte, couvents)	mélancolie	tonality	mélancolie
00.54	r_s	sensibilité, mélancolie, éléments du roman noir (grotte, couvents)	sensibilité	tonality	sensibilité
00.57	r_s	style familier, ton satirique	ton satirique	tonality	satire
00.60	r_s	sensibilité, mélancolie	mélancolie	tonality	mélancolie
00.60	r_s	sensibilité, mélancolie	sensibilité	tonality	sensibilité
00.62	r_s	sensibilité, vertu	sensibilité	tonality	sensibilité
00.63	r_s	ton sentimental, réflexions morales	ton sentimental	tonality	ton sentimental
00.64	r_s	précisions pornographiques, ton satirique	précisions pornographiques	tonality	précisions pornographiques
00.64	r_s	précisions pornographiques, ton satirique	ton satirique	tonality	satire
00.65	r_s	ton léger, tendances réalistes	tendances réalistes	tonality	tendances réalistes
00.65	r_s	ton léger, tendances réalistes	ton léger	tonality	ton léger
00.66	r_s	ton satirique, thèmes philosophiques, sensibilité	ton satirique	tonality	satire
00.66	r_s	ton satirique, thèmes philosophiques, sensibilité	sensibilité	tonality	sensibilité
00.7	r_s	sensibilité	sensibilité	tonality	sensibilité
00.70	r_s	sensibilité, roman noir	sensibilité	tonality	sensibilité
00.74	r_s	ton sensible	ton sensible	tonality	sensibilité
00.75	r_s	sensibilité, but moralisateur	sensibilité	tonality	sensibilité
00.82	r_s	sensibilité	sensibilité	tonality	sensibilité
00.90	r_s	vertu, sensibilité, aventures sombres	sensibilité	tonality	sensibilité
00.96	r_s	sensibilité	sensibilité	tonality	sensibilité
00.97	r_s	ton satirique	ton satirique	tonality	satire
51.1	r_s	sensibilité	sensibilité	tonality	sensibilité
51.10	r_s	prose poétique	prose poétique	tonality	style poétique
51.21	r_s	ton léger	ton léger	tonality	ton léger
51.25	r_s	sensibilité	sensibilité	tonality	sensibilité
51.3	r_s	sensibilité	sensibilité	tonality	sensibilité
51.31	r_s	observations sur les mœurs européennes, ton plaisant	ton plaisant	tonality	ton léger
51.32	r_s	dans le style de Prévost	dans le style de Prévost	tonality	manière imitée (parodie)
51.34	r_s	vogue du genre troubadour	vogue du genre troubadour	tonality	manière imitée (parodie)
51.34	r_s	vogue du genre troubadour	genre troubadour	tonality	style poétique
51.36	r_s	autobiographie romancée, avec traits satiriques	traits satiriques	tonality	satire
51.38	r_s	ton satirique	ton satirique	tonality	satire
51.39	r_s	satire de la religion chrétienne, du luxe, etc.	satire	tonality	satire
51.40	r_s	intentions moralisatrices, sensibilité	sensibilité	tonality	sensibilité
51.9	r_s	sensibilité	sensibilité	tonality	sensibilité
52.1	r_s	sensibilité	sensibilité	tonality	sensibilité
52.17	r_s	ton satirique	ton satirique	tonality	satire
52.18	r_s	ton satirique	ton satirique	tonality	satire
52.19	r_s	ton léger	ton léger	tonality	ton léger
52.21	r_s	satire des mœurs	satire	tonality	satire
52.26	r_s	sensibilité	sensibilité	tonality	sensibilité
52.28	r_s	ton satirique	ton satirique	tonality	satire
52.29	r_s	ton pseudo-historique et sensible	ton pseudo-historique et sensible	tonality	sensibilité
52.31	r_s	style grandiose	style grandiose	tonality	style élevé
52.32	r_s	conte allégorique; style poétique	allégorique	tonality	allégorie
52.32	r_s	conte allégorique; style poétique	style poétique	tonality	style poétique
52.4	r_s	conte de fée avec des traits satiriques	conte de fée	tonality	conte de fée
52.4	r_s	conte de fée avec des traits satiriques	traits satiriques	tonality	satire
52.40	r_s	ton réaliste	ton réaliste	tonality	tendances réalistes
52.41	r_s	sensibilité	sensibilité	tonality	sensibilité
52.42	r_s	sensibilité	sensibilité	tonality	sensibilité
52.7	r_s	sensibilité	sensibilité	tonality	sensibilité
53.1	r_s	sensibilité	sensibilité	tonality	sensibilité
53.12	r_s	style poétique	style poétique	tonality	style poétique
53.13	r_s	intentions moralisatrices, sensibilité	sensibilité	tonality	sensibilité
53.14	r_s	réflexions morales, sensibilité	sensibilité	tonality	sensibilité
53.17	r_s	ton réaliste et humoristique	ton réaliste	tonality	tendances réalistes
53.23	r_s	conte oriental merveilleux	conte oriental merveilleux	tonality	contes
53.27	r_s	sensibilité	sensibilité	tonality	sensibilité
53.28	r_s	sensibilité	sensibilité	tonality	sensibilité
53.31	r_s	sensibilité, intentions moralisatrices	sensibilité	tonality	sensibilité
53.33	r_s	allégorie humoristique, en forme de rêve, sur des questions d’eugénique	allégorie	tonality	allégorie
53.4	r_s	conversations sur l’amour; conte merveilleux	conversations sur l’amour	tonality	non-fiction
53.5	r_s	ton satirique	ton satirique	tonality	satire
53.7	r_s	conte de fées	conte de fée	tonality	conte de fée
53.8	r_s	ton satirique	ton satirique	tonality	satire
54.10	r_s	ton satirique	ton satirique	tonality	satire
54.2	r_s	détails pornographiques	détails pornographiques	tonality	précisions pornographiques
54.20	r_s	ton léger	ton léger	tonality	ton léger
54.26	r_s	critique des mœurs	critique	tonality	critique
54.6	r_s	ton satirique	ton satirique	tonality	satire
55.10	r_s	ton scabreux	ton scabreux	tonality	satire
55.11	r_s	critique des mœurs, ton satirique	critique	tonality	critique
55.11	r_s	critique des mœurs, ton satirique	ton satirique	tonality	satire
55.13	r_s	ton satirique	ton satirique	tonality	satire
55.14	r_s	ton léger	ton léger	tonality	ton léger
55.17	r_s	facétie grossière	facétie	tonality	ton léger
55.18	r_s	conte de fées	conte de fée	tonality	conte de fée
55.19	r_s	thèses féministes	thèses féministes	tonality	critique
55.20	r_s	sensibilité	sensibilité	tonality	sensibilité
55.21	r_s	tendances réalistes	tendances réalistes	tonality	tendances réalistes
55.22	r_s	sensibilité	sensibilité	tonality	sensibilité
55.23	r_s	conte de fées	conte de fée	tonality	conte de fée
55.24	r_s	ton léger	ton léger	tonality	ton léger
55.27	r_s	parodie des récits de voyages, ton pseudo-héroïque	parodie des récits de voyages	tonality	manière imitée (parodie)
55.28	r_s	sensibilité	sensibilité	tonality	sensibilité
55.29	r_s	ton libre	ton libre	tonality	ton léger
55.31	r_s	ton léger	ton léger	tonality	ton léger
55.32	r_s	ton facétieux	ton facétieux	tonality	ton léger
55.34	r_s	style poétique	style poétique	tonality	style poétique
55.35	r_s	mythologie et féerie	mythologie et féerie	tonality	conte de fée
55.38	r_s	éléments satiriques	éléments satiriques	tonality	satire
55.41	r_s	ton léger	ton léger	tonality	ton léger
55.9	r_s	ton léger	ton léger	tonality	ton léger
56.11	r_s	sensibilité	sensibilité	tonality	sensibilité
56.17	r_s	facétie grossière	facétie	tonality	ton léger
56.2	r_s	critique des couvents	critique	tonality	critique
56.28	r_s	prétentions moralisatrices, tendances réalistes	tendances réalistes	tonality	tendances réalistes
56.3	r_s	ton anti-religieux	ton anti-religieux	tonality	critique
56.7	r_s	ton ordurier, style poissard	ton ordurier	tonality	précisions pornographiques
56.8	r_s	sensibilité	sensibilité	tonality	sensibilité
57.10	r_s	satire du parti des Philosophes	satire	tonality	satire
57.14	r_s	intentions moralisatrices, sensibilité, mélancolie	mélancolie	tonality	mélancolie
57.14	r_s	intentions moralisatrices, sensibilité, mélancolie	sensibilité	tonality	sensibilité
57.15	r_s	intentions moralisatrices, sensibilité, mélancolie	mélancolie	tonality	mélancolie
57.15	r_s	intentions moralisatrices, sensibilité, mélancolie	sensibilité	tonality	sensibilité
57.2	r_s	sensibilité	sensibilité	tonality	sensibilité
57.3	r_s	ton libre, fin moralisatrice	ton libre	tonality	ton léger
57.7	r_s	ton satirique	ton satirique	tonality	satire
58.1	r_s	ton satirique, réflexions philosophiques	ton satirique	tonality	satire
58.15	r_s	réflexions philosophiques, sensibilité	sensibilité	tonality	sensibilité
58.21	r_s	épopée burlesque	épopée burlesque	tonality	style poétique
58.4	r_s	sensibilité	sensibilité	tonality	sensibilité
58.7	r_s	sensibilité, vertu	sensibilité	tonality	sensibilité
59.17	r_s	Les voiages de la Raison, fable allégorique	allégorique	tonality	allégorie
59.4	r_s	ton réaliste	ton réaliste	tonality	tendances réalistes
59.9	r_s	ton satirique	ton satirique	tonality	satire
60.1	r_s	ton satirique	ton satirique	tonality	satire
60.10	r_s	sensibilité	sensibilité	tonality	sensibilité
60.14	r_s	ton satirique	ton satirique	tonality	satire
60.15	r_s	style grandiose, pseudo-épopée	style grandiose	tonality	style élevé
60.16	r_s	ton épique, prose poétique	prose poétique	tonality	style poétique
60.2	r_s	correspondance sentimentale	correspondance sentimentale	tonality	ton sentimental
60.20	r_s	sensibilité, mélancolie, réflexions	mélancolie	tonality	mélancolie
60.20	r_s	sensibilité, mélancolie, réflexions	sensibilité	tonality	sensibilité
60.24	r_s	ton satirique	ton satirique	tonality	satire
60.27	r_s	satire de Palissot et de ses protecteurs	satire	tonality	satire
60.28	r_s	sensibilité, mélancolie.	mélancolie	tonality	mélancolie
60.28	r_s	sensibilité, mélancolie.	sensibilité	tonality	sensibilité
60.33	r_s	ton plaisant	ton plaisant	tonality	ton léger
61.18	r_s	sensibilité	sensibilité	tonality	sensibilité
61.20	r_s	ton ironique	ton ironique	tonality	satire
61.22	r_s	ton satirique	ton satirique	tonality	satire
61.25	r_s	Utopie et tendances satiriques	Utopie et tendances satiriques	tonality	satire
61.3	r_s	ton satirique	ton satirique	tonality	satire
61.7	r_s	tendances réalistes	tendances réalistes	tonality	tendances réalistes
61.9	r_s	sensibilité, fatalité	sensibilité	tonality	sensibilité
62.14	r_s	sensibilité	sensibilité	tonality	sensibilité
62.16	r_s	but moralisateur, tendances réalistes	tendances réalistes	tonality	tendances réalistes
62.32	r_s	ton sensible	ton sensible	tonality	sensibilité
62.34	r_s	sensibilité, but moralisateur	sensibilité	tonality	sensibilité
62.36	r_s	satire des disputes entre Jésuites et Capucins	satire	tonality	satire
62.37	r_s	critique des mœurs	critique	tonality	critique
62.6	r_s	ton licencieux	ton licencieux	tonality	ton léger
62.7	r_s	critique des mœurs à la manière du Diable boiteux	critique	tonality	critique
63.10	r_s	ton satirique	ton satirique	tonality	satire
63.14	r_s	ton libre	ton libre	tonality	ton léger
63.2	r_s	ton léger	ton léger	tonality	ton léger
63.23	r_s	sensibilité	sensibilité	tonality	sensibilité
63.24	r_s	sensibilité	sensibilité	tonality	sensibilité
63.30	r_s	critique des mœurs, ton comique	critique	tonality	critique
63.32	r_s	ton satirique (parodie des ‘mémoires’ dans le genre de la Vie de Marianne)	ton satirique (parodie des ‘mémoires’ dans le genre de la Vie de Marianne)	tonality	satire
63.32	r_s	ton satirique (parodie des ‘mémoires’ dans le genre de la Vie de Marianne)	parodie	tonality	manière imitée (parodie)
63.41	r_s	sensibilité, mélancolie, analyse de l’amour	mélancolie	tonality	mélancolie
63.41	r_s	sensibilité, mélancolie, analyse de l’amour	sensibilité	tonality	sensibilité
63.42	r_s	remarques sur les mœurs, les institutions, thèmes philosophiques, ton satirique	ton satirique	tonality	satire
63.5	r_s	satire contre les Jésuites	satire contre les Jésuites	tonality	satire
63.7	r_s	sensibilité effrénée (parodie de la Nouvelle Héloïse)	sensibilité effrénée (parodie de la Nouvelle Héloïse)	tonality	sensibilité
63.7	r_s	sensibilité effrénée (parodie de la Nouvelle Héloïse)	parodie	tonality	manière imitée (parodie)
63.8	r_s	but moralisateur, sensibilité	sensibilité	tonality	sensibilité
64.1	r_s	sensibilité	sensibilité	tonality	sensibilité
64.14	r_s	sensibilité effrénée, ton sombre	sensibilité	tonality	sensibilité
64.18	r_s	sensibilité	sensibilité	tonality	sensibilité
64.27	r_s	à la manière des Lettres persanes	à la manière des Lettres persanes	tonality	manière imitée (parodie)
64.3	r_s	ton moralisateur, sensibilité	sensibilité	tonality	sensibilité
64.31	r_s	sensibilité, but didactique	sensibilité	tonality	sensibilité
64.37	r_s	satire du style enflé de l’épopée	satire	tonality	satire
64.40	r_s	sensibilité effrénée	sensibilité	tonality	sensibilité
64.41	r_s	ton léger	ton léger	tonality	ton léger
64.43	r_s	prose poétique	prose poétique	tonality	style poétique
64.44	r_s	ton satirique	ton satirique	tonality	satire
64.46	r_s	satire des petits-maîtres	satire	tonality	satire
64.6	r_s	sensibilité	sensibilité	tonality	sensibilité
65.11	r_s	critique des mœurs, ton satirique	critique	tonality	critique
65.11	r_s	critique des mœurs, ton satirique	ton satirique	tonality	satire
65.15	r_s	style ancien	style ancien	tonality	vieux langage
65.19	r_s	mélancolie, sensibilité (à la manière de Prévost)	à la manière de Prévost	tonality	manière imitée (parodie)
65.19	r_s	mélancolie, sensibilité (à la manière de Prévost)	mélancolie	tonality	mélancolie
65.19	r_s	mélancolie, sensibilité (à la manière de Prévost)	sensibilité	tonality	sensibilité
65.2	r_s	sensibilité	sensibilité	tonality	sensibilité
65.20	r_s	tendances réalistes, sensibilité	tendances réalistes	tonality	tendances réalistes
65.20	r_s	tendances réalistes, sensibilité	sensibilité	tonality	sensibilité
65.22	r_s	sensibilité	sensibilité	tonality	sensibilité
65.24	r_s	ton satirique	ton satirique	tonality	satire
65.25	r_s	intentions moralisatrices, sensibilité	sensibilité	tonality	sensibilité
65.26	r_s	sensibilité, vertu	sensibilité	tonality	sensibilité
65.28	r_s	sensibilité	sensibilité	tonality	sensibilité
65.29	r_s	critique des mœurs, réflexions	critique	tonality	critique
65.31	r_s	extrême sensibilité	sensibilité	tonality	sensibilité
65.33	r_s	ton léger	ton léger	tonality	ton léger
65.38	r_s	ton satirique	ton satirique	tonality	satire
65.42	r_s	sensibilité, malheurs, intentions moralisatrices (à la manière de Prévost)	à la manière de Prévost	tonality	manière imitée (parodie)
65.42	r_s	sensibilité, malheurs, intentions moralisatrices (à la manière de Prévost)	sensibilité	tonality	sensibilité
65.44	r_s	sensibilité	sensibilité	tonality	sensibilité
65.7	r_s	ton satirique	ton satirique	tonality	satire
65.8	r_s	sensibilité	sensibilité	tonality	sensibilité
66.1	r_s	prose poétique	prose poétique	tonality	style poétique
66.12	r_s	"langue ancienne (""manuscrit du XIVe siècle"")"	"langue ancienne (""manuscrit du XIVe siècle"")"	tonality	vieux langage
66.15	r_s	mélancolie, sensibilité (à la manière de Prévost)	à la manière de Prévost	tonality	manière imitée (parodie)
66.15	r_s	mélancolie, sensibilité (à la manière de Prévost)	mélancolie	tonality	mélancolie
66.15	r_s	mélancolie, sensibilité (à la manière de Prévost)	sensibilité	tonality	sensibilité
66.16	r_s	sensibilité passionnée	sensibilité	tonality	sensibilité
66.18	r_s	sensibilité, mélancolie	mélancolie	tonality	mélancolie
66.18	r_s	sensibilité, mélancolie	sensibilité	tonality	sensibilité
66.21	r_s	ton satirique, thèmes philosophiques	ton satirique	tonality	satire
66.24	r_s	ton satirique	ton satirique	tonality	satire
66.27	r_s	sensibilité, malheurs	sensibilité	tonality	sensibilité
66.28	r_s	sensibilité	sensibilité	tonality	sensibilité
66.30	r_s	intentions moralisatrices, sensibilité	sensibilité	tonality	sensibilité
66.35	r_s	thèmes philosophiques, sensibilité, mélancolie	mélancolie	tonality	mélancolie
66.35	r_s	thèmes philosophiques, sensibilité, mélancolie	sensibilité	tonality	sensibilité
66.37	r_s	ton satirique	ton satirique	tonality	satire
66.38	r_s	sensibilité	sensibilité	tonality	sensibilité
66.42	r_s	sensibilité, malheurs, vertu	sensibilité	tonality	sensibilité
66.43	r_s	sensibilité, vertu	sensibilité	tonality	sensibilité
66.44	r_s	mélancolie, sensibilité	mélancolie	tonality	mélancolie
66.44	r_s	mélancolie, sensibilité	sensibilité	tonality	sensibilité
66.5	r_s	sensibilité, malheurs	sensibilité	tonality	sensibilité
66.6bis	r_s	ton léger	ton léger	tonality	ton léger
66.8	r_s	allégorie de la vie politique (selon l’auteur)	allégorie	tonality	allégorie
66.9	r_s	sensibilité effrénée, vertu, bienfaisance	sensibilité	tonality	sensibilité
67.11	r_s	tendances réalistes au début	tendances réalistes	tonality	tendances réalistes
67.12	r_s	ton satirique	ton satirique	tonality	satire
67.14	r_s	sensibilité effrénée	sensibilité	tonality	sensibilité
67.15	r_s	sensibilité effrénée	sensibilité	tonality	sensibilité
67.16	r_s	sensibilité effrénée	sensibilité	tonality	sensibilité
67.17	r_s	sensibilité effrénée, mélancolie, horreur	mélancolie	tonality	mélancolie
67.17	r_s	sensibilité effrénée, mélancolie, horreur	sensibilité	tonality	sensibilité
67.18	r_s	sensibilité, mélancolie	mélancolie	tonality	mélancolie
67.18	r_s	sensibilité, mélancolie	sensibilité	tonality	sensibilité
67.21	r_s	sujet biblique; prose poétique	prose poétique	tonality	style poétique
67.22	r_s	éléments surnaturels (magie Blanche)	éléments surnaturels (magie Blanche)	tonality	conte de fée
67.24	r_s	sensibilité, bienfaisance, vertu	sensibilité	tonality	sensibilité
67.26	r_s	A la manière des Lettres persanes	A la manière des Lettres persanes	tonality	manière imitée (parodie)
67.29	r_s	critique de l’église et des dogmes catholiques	critique	tonality	critique
67.3	r_s	ton satirique	ton satirique	tonality	satire
67.30	r_s	quelques tendances réalistes, réflexions sur l’amour et la vertu	tendances réalistes	tonality	tendances réalistes
67.31	r_s	sensibilité passionnée et mélancolique	mélancolique	tonality	mélancolie
67.31	r_s	sensibilité passionnée et mélancolique	sensibilité	tonality	sensibilité
67.34	r_s	intentions moralisatrices, sensibilité	sensibilité	tonality	sensibilité
67.35	r_s	ton satirique, ouvrage à clef	ton satirique	tonality	satire
67.38	r_s	ton satirique	ton satirique	tonality	satire
67.4	r_s	sensibilité effrénée, vertu	sensibilité	tonality	sensibilité
67.41	r_s	intentions moralisatrices, vertu, sensibilité	sensibilité	tonality	sensibilité
67.42	r_s	sensibilité, contre le fanatisme	sensibilité	tonality	sensibilité
67.43	r_s	sensibilité	sensibilité	tonality	sensibilité
67.47	r_s	ton satirique	ton satirique	tonality	satire
67.48	r_s	sensibilité, vertu	sensibilité	tonality	sensibilité
67.5	r_s	tendances réalistes, ton comique	tendances réalistes	tonality	tendances réalistes
67.50	r_s	intentions moralisatrices, ton comique, peinture des mœurs, quelques tendances réalistes	tendances réalistes	tonality	tendances réalistes
67.52	r_s	ton satirique, sensibilité à la fin	ton satirique	tonality	satire
67.52	r_s	ton satirique, sensibilité à la fin	sensibilité	tonality	sensibilité
67.8	r_s	tendances réalistes	tendances réalistes	tonality	tendances réalistes
68.12	r_s	sensibilité	sensibilité	tonality	sensibilité
68.19	r_s	sensibilité, vertu, bienfaisance, tendances réalistes (vie économique)	tendances réalistes	tonality	tendances réalistes
68.19	r_s	sensibilité, vertu, bienfaisance, tendances réalistes (vie économique)	sensibilité	tonality	sensibilité
68.21	r_s	sensibilité, mélancolie	mélancolie	tonality	mélancolie
68.21	r_s	sensibilité, mélancolie	sensibilité	tonality	sensibilité
68.22	r_s	ton satirique	ton satirique	tonality	satire
68.23	r_s	satire des institutions économiques	satire	tonality	satire
68.25	r_s	"sensibilité, mélancolie, passions funestes, héros ""philosophe"""	mélancolie	tonality	mélancolie
68.25	r_s	"sensibilité, mélancolie, passions funestes, héros ""philosophe"""	sensibilité	tonality	sensibilité
68.26	r_s	ton satirique	ton satirique	tonality	satire
68.29	r_s	sensibilité, mélancolie, héros ‘philosophe’ (à la manière de Prévost)	à la manière de Prévost	tonality	manière imitée (parodie)
68.29	r_s	sensibilité, mélancolie, héros ‘philosophe’ (à la manière de Prévost)	mélancolie	tonality	mélancolie
68.29	r_s	sensibilité, mélancolie, héros ‘philosophe’ (à la manière de Prévost)	sensibilité	tonality	sensibilité
68.34	r_s	sensibilité, mélancolie	mélancolie	tonality	mélancolie
68.34	r_s	sensibilité, mélancolie	sensibilité	tonality	sensibilité
68.36	r_s	sensibilité	sensibilité	tonality	sensibilité
68.37	r_s	sensibilité effrénée, mélancolie (’J’ai déjà trop vécu ’)	mélancolie	tonality	mélancolie
68.37	r_s	sensibilité effrénée, mélancolie (’J’ai déjà trop vécu ’)	sensibilité	tonality	sensibilité
68.38	r_s	ton satirique	ton satirique	tonality	satire
68.41	r_s	ton satirique	ton satirique	tonality	satire
68.43	r_s	ton facétieux	ton facétieux	tonality	ton léger
68.44	r_s	sensibilité larmoyante	sensibilité	tonality	sensibilité
68.5	r_s	mélancolie, sensibilité	mélancolie	tonality	mélancolie
68.5	r_s	mélancolie, sensibilité	sensibilité	tonality	sensibilité
68.53	r_s	ton satirique, intentions moralisatrices	ton satirique	tonality	satire
68.56	r_s	critique des mœurs, thèmes philosophiques	critique	tonality	critique
68.5bis	r_s	ton sentimental et moralisateur	ton sentimental	tonality	ton sentimental
68.7	r_s	sensibilité	sensibilité	tonality	sensibilité
68.8	r_s	sensibilité, vertu, intentions moralisatrices, peinture des mœurs	sensibilité	tonality	sensibilité
68.9	r_s	sensibilité	sensibilité	tonality	sensibilité
69.11	r_s	tendances réalistes	tendances réalistes	tonality	tendances réalistes
69.12	r_s	intentions moralisatrices, sensibilité effrénée, mélancolie	mélancolie	tonality	mélancolie
69.12	r_s	intentions moralisatrices, sensibilité effrénée, mélancolie	sensibilité	tonality	sensibilité
69.13	r_s	sensibilité, vertu	sensibilité	tonality	sensibilité
69.14	r_s	ton satirique	ton satirique	tonality	satire
69.2	r_s	bienfaisance, vertu, sensibilité	sensibilité	tonality	sensibilité
69.20	r_s	sensibilité	sensibilité	tonality	sensibilité
69.23	r_s	ton noble, couleur locale	couleur locale	tonality	couleur locale
69.23	r_s	ton noble, couleur locale	ton noble	tonality	style élevé
69.25	r_s	ton satirique	ton satirique	tonality	satire
69.27	r_s	ton léger	ton léger	tonality	ton léger
69.29	r_s	sensibilité passionnée	sensibilité	tonality	sensibilité
69.30	r_s	ton sensible, intentions moralisatrices	ton sensible	tonality	sensibilité
69.31	r_s	ton frivole	ton frivole	tonality	ton léger
69.35	r_s	sensibilité	sensibilité	tonality	sensibilité
69.40	r_s	peinture des mœurs et observations morales, ton satirique	ton satirique	tonality	satire
69.41	r_s	vertu, sensibilité	sensibilité	tonality	sensibilité
69.44	r_s	sensibilité	sensibilité	tonality	sensibilité
69.47	r_s	ton léger	ton léger	tonality	ton léger
69.49	r_s	ton facétieux	ton facétieux	tonality	ton léger
69.5	r_s	sensibilité	sensibilité	tonality	sensibilité
69.50	r_s	vertu, sensibilité, prétentions moralisatrices	sensibilité	tonality	sensibilité
69.51	r_s	sensibilité	sensibilité	tonality	sensibilité
69.52	r_s	ton satirique	ton satirique	tonality	satire
69.56	r_s	sensibilité, vertu, prétentions moralisatrices	sensibilité	tonality	sensibilité
69.60	r_s	prétentions moralisatrices, sensibilité effrénée	sensibilité	tonality	sensibilité
69.63	r_s	ton satirique	ton satirique	tonality	satire
69.64	r_s	ton satirique, fantaisiste	ton satirique	tonality	satire
69.64bis	r_s	sensibilité effrénée	sensibilité	tonality	sensibilité
69.65	r_s	sensibilité effrénée, analyse des sentiments	sensibilité	tonality	sensibilité
69.69	r_s	critique de l’Eglise, thèmes philosophiques	critique	tonality	critique
69.70	r_s	ton satirique	ton satirique	tonality	satire
69.72	r_s	sensibilité, tendances réalistes	tendances réalistes	tonality	tendances réalistes
69.72	r_s	sensibilité, tendances réalistes	sensibilité	tonality	sensibilité
69.9	r_s	sensibilité	sensibilité	tonality	sensibilité
70.1	r_s	ton léger	ton léger	tonality	ton léger
70.10	r_s	critique des mœurs et sensibilité mélancolique (dans les lettres)	critique	tonality	critique
70.10	r_s	critique des mœurs et sensibilité mélancolique (dans les lettres)	mélancolique	tonality	mélancolie
70.10	r_s	critique des mœurs et sensibilité mélancolique (dans les lettres)	sensibilité	tonality	sensibilité
70.14	r_s	intentions moralisatrices, tendances réalistes	tendances réalistes	tonality	tendances réalistes
70.15	r_s	sensibilité	sensibilité	tonality	sensibilité
70.16	r_s	allégorie morale	allégorie	tonality	allégorie
70.18	r_s	précisions pornographiques	précisions pornographiques	tonality	précisions pornographiques
70.22	r_s	prétentions moralisatrices, sensibilité	sensibilité	tonality	sensibilité
70.23	r_s	ton facétieux	ton facétieux	tonality	ton léger
70.27	r_s	intentions moralisatrices, sensibilité, mélancolie	mélancolie	tonality	mélancolie
70.27	r_s	intentions moralisatrices, sensibilité, mélancolie	sensibilité	tonality	sensibilité
70.3	r_s	sensibilité, prétentions moralisatrices	sensibilité	tonality	sensibilité
70.30	r_s	couleur locale canadienne	couleur locale	tonality	couleur locale
70.32	r_s	ton satirique	ton satirique	tonality	satire
70.34	r_s	goût pour l’ancienne littérature	goût pour l’ancienne littérature	tonality	vieux langage
70.36	r_s	goût pour l’ancienne littérature	goût pour l’ancienne littérature	tonality	vieux langage
70.43	r_s	sensibilité	sensibilité	tonality	sensibilité
70.45	r_s	ton léger, fin sensible	fin sensible	tonality	sensibilité
70.45	r_s	ton léger, fin sensible	ton léger	tonality	ton léger
70.47	r_s	sensibilité, mélancolie, malheurs	mélancolie	tonality	mélancolie
70.47	r_s	sensibilité, mélancolie, malheurs	sensibilité	tonality	sensibilité
70.49	r_s	sensibilité	sensibilité	tonality	sensibilité
70.5	r_s	sensibilité	sensibilité	tonality	sensibilité
70.53	r_s	sensibilité, mélancolie	mélancolie	tonality	mélancolie
70.53	r_s	sensibilité, mélancolie	sensibilité	tonality	sensibilité
70.56	r_s	sensibilité, mélancolie	mélancolie	tonality	mélancolie
70.56	r_s	sensibilité, mélancolie	sensibilité	tonality	sensibilité
70.6	r_s	ton ironique, épopée burlesque	ton ironique	tonality	satire
70.6	r_s	ton ironique, épopée burlesque	épopée burlesque	tonality	style poétique
70.61	r_s	A la manière des Lettres persanes de Montesquieu	A la manière des Lettres persanes	tonality	manière imitée (parodie)
70.65	r_s	ton satirique	ton satirique	tonality	satire
70.71	r_s	sensibilité, vertu, nobles sauvages	sensibilité	tonality	sensibilité
70.74	r_s	sensibilité passionnée, poème en prose	sensibilité	tonality	sensibilité
70.77	r_s	ton satirique	ton satirique	tonality	satire
71.11	r_s	couleur locale africaine	couleur locale	tonality	couleur locale
71.15	r_s	thèmes anticléricaux	thèmes anticléricaux	tonality	critique
71.17	r_s	sensibilité effrénée	sensibilité	tonality	sensibilité
71.21	r_s	sensibilité, thème de l’esclavage	sensibilité	tonality	sensibilité
71.24	r_s	malheurs, sensibilité	sensibilité	tonality	sensibilité
71.27	r_s	ton satirique	ton satirique	tonality	satire
71.32	r_s	sensibilité	sensibilité	tonality	sensibilité
71.41	r_s	ton léger, mais intentions moralisatrices	ton léger	tonality	ton léger
71.47	r_s	sensibilité, vertu	sensibilité	tonality	sensibilité
71.7	r_s	sensibilité larmoyante	sensibilité	tonality	sensibilité
71.8	r_s	ton satirique	ton satirique	tonality	satire
72.1	r_s	sensibilité larmoyante, vertu	sensibilité	tonality	sensibilité
72.10	r_s	sensibilité effrénée, mélancolie	mélancolie	tonality	mélancolie
72.10	r_s	sensibilité effrénée, mélancolie	sensibilité	tonality	sensibilité
72.11	r_s	sensibilité, genre troubadour	sensibilité	tonality	sensibilité
72.11	r_s	sensibilité, genre troubadour	genre troubadour	tonality	style poétique
72.15	r_s	ton satirique	ton satirique	tonality	satire
72.18	r_s	sensibilité	sensibilité	tonality	sensibilité
72.20	r_s	à la manière de Prévost	à la manière de Prévost	tonality	manière imitée (parodie)
72.27	r_s	sensibilité passionnée, couleur locale	couleur locale	tonality	couleur locale
72.27	r_s	sensibilité passionnée, couleur locale	sensibilité	tonality	sensibilité
72.28	r_s	style épique	style épique	tonality	style épique
72.32	r_s	sensibilité, analyse des sentiments	sensibilité	tonality	sensibilité
72.34	r_s	sensibilité effrénée	sensibilité	tonality	sensibilité
72.35	r_s	sensibilité effrénée	sensibilité	tonality	sensibilité
72.4	r_s	sensibilité effrénée	sensibilité	tonality	sensibilité
72.6	r_s	ton satirique, thèmes philosophiques	ton satirique	tonality	satire
73.11	r_s	passion, sensibilité	sensibilité	tonality	sensibilité
73.13	r_s	style épique, poème en prose	style épique, poème en prose	tonality	style épique
73.15	r_s	critique des mœurs et observations morales	critique	tonality	critique
73.16	r_s	sensibilité, intentions moralisatrices	sensibilité	tonality	sensibilité
73.19	r_s	ton satirique	ton satirique	tonality	satire
73.21	r_s	ton satirique	ton satirique	tonality	satire
73.22	r_s	style élevé, épopée en prose	style élevé	tonality	style élevé
73.26	r_s	sensibilité	sensibilité	tonality	sensibilité
73.27	r_s	sensibilité, style élevé	sensibilité	tonality	sensibilité
73.27	r_s	sensibilité, style élevé	style élevé	tonality	style élevé
73.29	r_s	ton satirique	ton satirique	tonality	satire
73.30	r_s	observations sur les mœurs; ton léger	ton léger	tonality	ton léger
73.31	r_s	ton léger, intentions moralisatrices	ton léger	tonality	ton léger
73.32	r_s	ton facétieux	ton facétieux	tonality	ton léger
73.33	r_s	style poétique	style poétique	tonality	style poétique
73.34	r_s	sensibilité	sensibilité	tonality	sensibilité
73.35	r_s	sensibilité	sensibilité	tonality	sensibilité
73.36	r_s	sensibilité	sensibilité	tonality	sensibilité
73.37	r_s	ton satirique	ton satirique	tonality	satire
73.4	r_s	ton satirique	ton satirique	tonality	satire
73.5	r_s	sensibilité, malheurs	sensibilité	tonality	sensibilité
73.7	r_s	à la manière de Courtilz de Sandras	à la manière de Courtilz de Sandras	tonality	manière imitée (parodie)
73.9	r_s	sensibilité effrénée	sensibilité	tonality	sensibilité
74.10	r_s	sensibilité, vertu	sensibilité	tonality	sensibilité
74.11	r_s	sensibilité	sensibilité	tonality	sensibilité
74.17	r_s	sensibilité, intentions moralisatrices	sensibilité	tonality	sensibilité
74.19	r_s	sensibilité, vertu	sensibilité	tonality	sensibilité
74.22	r_s	couleur locale, ton épique	couleur locale	tonality	couleur locale
74.25	r_s	ton satirique	ton satirique	tonality	satire
74.27	r_s	à la manière de Prévost	à la manière de Prévost	tonality	manière imitée (parodie)
74.29	r_s	sensibilité	sensibilité	tonality	sensibilité
74.30	r_s	sensibilité	sensibilité	tonality	sensibilité
74.31	r_s	sensibilité, sombres malheurs	sensibilité	tonality	sensibilité
74.32	r_s	sensibilité, moyen âge chevaleresque	sensibilité	tonality	sensibilité
74.4	r_s	sensibilité, bienfaisance	sensibilité	tonality	sensibilité
74.5	r_s	ton satirique	ton satirique	tonality	satire
74.6	r_s	sensibilité, prétentions moralisatrices	sensibilité	tonality	sensibilité
74.7	r_s	sensibilité, mélancolie	mélancolie	tonality	mélancolie
74.7	r_s	sensibilité, mélancolie	sensibilité	tonality	sensibilité
74.9	r_s	sensibilité	sensibilité	tonality	sensibilité
75.1	r_s	sensibilité. A la manière de Werther	A la manière de Werther	tonality	manière imitée (parodie)
75.1	r_s	sensibilité. A la manière de Werther	sensibilité	tonality	sensibilité
75.10	r_s	sensibilité, vertu, bienfaisance, tendances réalistes dans la description de la misère	tendances réalistes	tonality	tendances réalistes
75.10	r_s	sensibilité, vertu, bienfaisance, tendances réalistes dans la description de la misère	sensibilité	tonality	sensibilité
75.13	r_s	sensibilité, retour à la nature	retour à la nature	tonality	non-fiction
75.13	r_s	sensibilité, retour à la nature	sensibilité	tonality	sensibilité
75.14	r_s	sensibilité effrénée	sensibilité	tonality	sensibilité
75.15	r_s	sensibilité effrénée	sensibilité	tonality	sensibilité
75.16	r_s	sensibilité effrénée, malheurs	sensibilité	tonality	sensibilité
75.18	r_s	ton satirique	ton satirique	tonality	satire
75.19	r_s	sensibilité	sensibilité	tonality	sensibilité
75.1bis	r_s	sensibilité, vertu	sensibilité	tonality	sensibilité
75.20	r_s	sensibilité	sensibilité	tonality	sensibilité
75.25	r_s	sensibilité, vertu	sensibilité	tonality	sensibilité
75.27	r_s	ton satirique	ton satirique	tonality	satire
75.3	r_s	sensibilité, mélancolie	mélancolie	tonality	mélancolie
75.3	r_s	sensibilité, mélancolie	sensibilité	tonality	sensibilité
75.31	r_s	sensibilité, discussions	sensibilité	tonality	sensibilité
75.33	r_s	sensibilité, prétentions moralisatrices	sensibilité	tonality	sensibilité
75.35	r_s	malheurs, sensibilité	sensibilité	tonality	sensibilité
75.36	r_s	sensibilité effrénée, malheurs	sensibilité	tonality	sensibilité
75.38	r_s	ton satirique	ton satirique	tonality	satire
75.40	r_s	sensibilité	sensibilité	tonality	sensibilité
75.41	r_s	sensibilité	sensibilité	tonality	sensibilité
75.6	r_s	sensibilité, mélancolie	mélancolie	tonality	mélancolie
75.6	r_s	sensibilité, mélancolie	sensibilité	tonality	sensibilité
75.9	r_s	sensibilité, malheurs	sensibilité	tonality	sensibilité
76.10bis	r_s	sensibilité	sensibilité	tonality	sensibilité
76.12	r_s	sensibilité effrénée	sensibilité	tonality	sensibilité
76.13	r_s	sensibilité effrénée	sensibilité	tonality	sensibilité
76.17	r_s	sensibilité passionnée	sensibilité	tonality	sensibilité
76.24	r_s	ton satirique	ton satirique	tonality	satire
76.26	r_s	mélancolie, désespoir	mélancolie	tonality	mélancolie
76.28bis	r_s	ton plaisant	ton plaisant	tonality	ton léger
76.30	r_s	sensibilité effrénée, malheurs, vertu	sensibilité	tonality	sensibilité
76.33	r_s	sensibilité effrénée	sensibilité	tonality	sensibilité
76.39	r_s	sensibilité effrénée	sensibilité	tonality	sensibilité
76.43	r_s	influence d’Emile	influence d’Emile	tonality	manière imitée (parodie)
76.44	r_s	prétentions moralisatrices, tendances réalistes, sensibilité	tendances réalistes	tonality	tendances réalistes
76.44	r_s	prétentions moralisatrices, tendances réalistes, sensibilité	sensibilité	tonality	sensibilité
76.45	r_s	ton satirique	ton satirique	tonality	satire
76.47	r_s	narration entrecoupée de commentaires facétieux	facétie	tonality	ton léger
76.49	r_s	sensibilité	sensibilité	tonality	sensibilité
76.50	r_s	sensibilité	sensibilité	tonality	sensibilité
76.51	r_s	sensibilité	sensibilité	tonality	sensibilité
76.6	r_s	sensibilité, prétentions moralisatrices	sensibilité	tonality	sensibilité
76.8	r_s	sensibilité, prétentions moralisatrices	sensibilité	tonality	sensibilité
77.1	r_s	sensibilité effrénée	sensibilité	tonality	sensibilité
77.10	r_s	sensibilité, nature, malheurs	sensibilité	tonality	sensibilité
77.11	r_s	sensibilité effrénée	sensibilité	tonality	sensibilité
77.13	r_s	ton satirique	ton satirique	tonality	satire
77.16	r_s	sensibilité effrénée, vertu, bienfaisance	sensibilité	tonality	sensibilité
77.18	r_s	sensibilité, prétentions moralisatrices	sensibilité	tonality	sensibilité
77.38	r_s	sensibilité, prétentions morales (portrait du citoyen vertueux)	sensibilité	tonality	sensibilité
77.40	r_s	ton satirique	ton satirique	tonality	satire
77.43	r_s	ton satirique	ton satirique	tonality	satire
77.52	r_s	sensibilité, prétentions moralisatrices	sensibilité	tonality	sensibilité
77.53	r_s	sensibilité, vertu, prétentions moralisatrices	sensibilité	tonality	sensibilité
77.54	r_s	sensibilité effrénée, mélancolie	mélancolie	tonality	mélancolie
77.54	r_s	sensibilité effrénée, mélancolie	sensibilité	tonality	sensibilité
77.59	r_s	sensibilité	sensibilité	tonality	sensibilité
77.8	r_s	sensibilité effrénée, effets d’horreur	sensibilité	tonality	sensibilité
77.9	r_s	sensibilité larmoyante	sensibilité	tonality	sensibilité
78.11	r_s	sensibilité, mélancolie, quelques tendances réalistes au début	mélancolie	tonality	mélancolie
78.11	r_s	sensibilité, mélancolie, quelques tendances réalistes au début	tendances réalistes	tonality	tendances réalistes
78.11	r_s	sensibilité, mélancolie, quelques tendances réalistes au début	sensibilité	tonality	sensibilité
78.12	r_s	sensibilité effrénée	sensibilité	tonality	sensibilité
78.13	r_s	sensibilité	sensibilité	tonality	sensibilité
78.15	r_s	ton satirique	ton satirique	tonality	satire
78.16	r_s	vertu, sensibilité	sensibilité	tonality	sensibilité
78.18	r_s	ton satirique	ton satirique	tonality	satire
78.20	r_s	sensibilité, vertu	sensibilité	tonality	sensibilité
78.22	r_s	sensibilité	sensibilité	tonality	sensibilité
78.25	r_s	ton satirique	ton satirique	tonality	satire
78.26	r_s	sensibilité	sensibilité	tonality	sensibilité
78.27	r_s	sensibilité, vertu	sensibilité	tonality	sensibilité
78.29	r_s	critique des mœurs	critique	tonality	critique
78.30	r_s	sensibilité, but didactique, esprit de système	sensibilité	tonality	sensibilité
78.34	r_s	sensibilité	sensibilité	tonality	sensibilité
78.4	r_s	précisions pornographiques	précisions pornographiques	tonality	précisions pornographiques
78.9	r_s	sensibilité effrénée	sensibilité	tonality	sensibilité
79.1	r_s	ton satirique	ton satirique	tonality	satire
79.10	r_s	ton satirique, tendances réalistes	tendances réalistes	tonality	tendances réalistes
79.10	r_s	ton satirique, tendances réalistes	ton satirique	tonality	satire
79.11	r_s	ton satirique	ton satirique	tonality	satire
79.15	r_s	ton libre	ton libre	tonality	ton léger
79.2	r_s	sensibilité	sensibilité	tonality	sensibilité
79.23	r_s	sensibilité effrénée	sensibilité	tonality	sensibilité
79.26	r_s	sensibilité effrénée	sensibilité	tonality	sensibilité
79.31	r_s	fortes tendances réalistes, sensibilité, prétentions moralisatrices	tendances réalistes	tonality	tendances réalistes
79.31	r_s	fortes tendances réalistes, sensibilité, prétentions moralisatrices	sensibilité	tonality	sensibilité
79.32	r_s	ton satirique	ton satirique	tonality	satire
79.34	r_s	sensibilité	sensibilité	tonality	sensibilité
79.35	r_s	sensibilité	sensibilité	tonality	sensibilité
79.36	r_s	ton satirique	ton satirique	tonality	satire
79.4	r_s	sensibilité	sensibilité	tonality	sensibilité
79.5	r_s	ton libre	ton libre	tonality	ton léger
79.8	r_s	sensibilité	sensibilité	tonality	sensibilité
79.9	r_s	sensibilité effrénée	sensibilité	tonality	sensibilité
80.10	r_s	sensibilité	sensibilité	tonality	sensibilité
80.11	r_s	sensibilité	sensibilité	tonality	sensibilité
80.12	r_s	description et critique de l’organisation politique de la République	critique	tonality	critique
80.16	r_s	retour à la nature, thèmes anticléricaux (religion naturelle)	thèmes anticléricaux	tonality	critique
80.16	r_s	retour à la nature, thèmes anticléricaux (religion naturelle)	retour à la nature	tonality	non-fiction
80.17	r_s	critique des mœurs anglaises	critique	tonality	critique
80.18	r_s	ton satirique	ton satirique	tonality	satire
80.2	r_s	pseudo-épopée au ton léger	pseudo-épopée	tonality	style élevé
80.2	r_s	pseudo-épopée au ton léger	ton léger	tonality	ton léger
80.20	r_s	sensibilité	sensibilité	tonality	sensibilité
80.24	r_s	sensibilité, analyse des passions	sensibilité	tonality	sensibilité
80.27	r_s	réalisme du cadre, autobiographie romancée, sensibilité, prétentions moralisatrices	sensibilité	tonality	sensibilité
80.27	r_s	réalisme du cadre, autobiographie romancée, sensibilité, prétentions moralisatrices	réalisme du cadre	tonality	tendances réalistes
80.28	r_s	sensibilité	sensibilité	tonality	sensibilité
80.32	r_s	genre troubadour	genre troubadour	tonality	style poétique
80.33	r_s	genre troubadour	genre troubadour	tonality	style poétique
80.34	r_s	prose poétique	prose poétique	tonality	style poétique
80.5	r_s	style poétique, voluptueux	style poétique	tonality	style poétique
80.6	r_s	sensibilité	sensibilité	tonality	sensibilité
80.9	r_s	sensibilité effrénée	sensibilité	tonality	sensibilité
81.1	r_s	sensibilité effrénée	sensibilité	tonality	sensibilité
81.10	r_s	sensibilité effrénée	sensibilité	tonality	sensibilité
81.11	r_s	sensibilité, mélancolie	mélancolie	tonality	mélancolie
81.11	r_s	sensibilité, mélancolie	sensibilité	tonality	sensibilité
81.13	r_s	sensibilité passionnée, nature	sensibilité	tonality	sensibilité
81.15	r_s	sensibilité	sensibilité	tonality	sensibilité
81.18	r_s	ton satirique	ton satirique	tonality	satire
81.29	r_s	thèmes philosophiques, théories pseudoscientifiques, critique des mœurs	critique	tonality	critique
81.3	r_s	sensibilité	sensibilité	tonality	sensibilité
81.32	r_s	sensibilité	sensibilité	tonality	sensibilité
81.6	r_s	ton satirique	ton satirique	tonality	satire
81.9	r_s	sensibilité	sensibilité	tonality	sensibilité
82.13	r_s	sensibilité, observations politiques et morales	sensibilité	tonality	sensibilité
82.15	r_s	sensibilité	sensibilité	tonality	sensibilité
82.2	r_s	ton satirique, puis sensibilité	ton satirique, puis sensibilité	tonality	sensibilité
82.2	r_s	ton satirique, puis sensibilité	ton satirique	tonality	satire
82.24	r_s	sensibilité, vertu	sensibilité	tonality	sensibilité
82.26	r_s	éléments merveilleux, style élevé	éléments merveilleux	tonality	conte de fée
82.26	r_s	éléments merveilleux, style élevé	style élevé	tonality	style élevé
82.28	r_s	sensibilité	sensibilité	tonality	sensibilité
82.3	r_s	satire des Jésuites	satire	tonality	satire
82.31	r_s	sensibilité, vertu	sensibilité	tonality	sensibilité
82.36	r_s	sensibilité	sensibilité	tonality	sensibilité
82.38	r_s	sensibilité	sensibilité	tonality	sensibilité
82.40	r_s	sensibilité	sensibilité	tonality	sensibilité
83.1	r_s	précisions pornographiques	précisions pornographiques	tonality	précisions pornographiques
83.11	r_s	sensibilité	sensibilité	tonality	sensibilité
83.12	r_s	ton gai	ton gai	tonality	ton léger
83.16	r_s	sensibilité effrénée	sensibilité	tonality	sensibilité
83.2	r_s	goût pour l’ancienne littérature	goût pour l’ancienne littérature	tonality	vieux langage
83.20	r_s	goût pour l’ancienne littérature	goût pour l’ancienne littérature	tonality	vieux langage
83.21	r_s	sensibilité, vertu	sensibilité	tonality	sensibilité
83.22	r_s	sensibilité, malheurs; vie à la campagne	vie à la campagne	tonality	non-fiction
83.22	r_s	sensibilité, malheurs; vie à la campagne	sensibilité	tonality	sensibilité
83.23	r_s	goût pour l’ancienne littérature	goût pour l’ancienne littérature	tonality	vieux langage
83.33	r_s	nature, vertu, sensibilité, mélancolie	mélancolie	tonality	mélancolie
83.33	r_s	nature, vertu, sensibilité, mélancolie	sensibilité	tonality	sensibilité
83.35	r_s	sensibilité	sensibilité	tonality	sensibilité
83.36	r_s	genre troubadour	genre troubadour	tonality	style poétique
83.39	r_s	sensibilité	sensibilité	tonality	sensibilité
83.4	r_s	ton facétieux	ton facétieux	tonality	ton léger
83.41	r_s	mélancolie, désespoir, poème en prose	mélancolie	tonality	mélancolie
83.43	r_s	intentions moralisatrices, sensibilité	sensibilité	tonality	sensibilité
83.46	r_s	sensibilité	sensibilité	tonality	sensibilité
83.51	r_s	éléments historiques, sensibilité	sensibilité	tonality	sensibilité
83.52	r_s	éléments historiques, sensibilité	sensibilité	tonality	sensibilité
83.53	r_s	éléments historiques, sensibilité	sensibilité	tonality	sensibilité
83.54	r_s	éléments historiques, sensibilité	sensibilité	tonality	sensibilité
83.56	r_s	ton satirique	ton satirique	tonality	satire
83.59	r_s	sensibilité, prétentions moralisatrices	sensibilité	tonality	sensibilité
83.7	r_s	sensibilité	sensibilité	tonality	sensibilité
84.13	r_s	sensibilité	sensibilité	tonality	sensibilité
84.17	r_s	sensibilité	sensibilité	tonality	sensibilité
84.21	r_s	sensibilité effrénée	sensibilité	tonality	sensibilité
84.22	r_s	ton plaisant	ton plaisant	tonality	ton léger
84.23	r_s	ton satirique	ton satirique	tonality	satire
84.28	r_s	tendances réalistes, ton facétieux	tendances réalistes	tonality	tendances réalistes
84.28	r_s	tendances réalistes, ton facétieux	ton facétieux	tonality	ton léger
84.29	r_s	sensibilité, style épique	sensibilité	tonality	sensibilité
84.29	r_s	sensibilité, style épique	style épique	tonality	style épique
84.3	r_s	critique polémique	critique	tonality	critique
84.34	r_s	sensibilité, style poétique	sensibilité	tonality	sensibilité
84.34	r_s	sensibilité, style poétique	style poétique	tonality	style poétique
84.36	r_s	thèmes philosophiques, ton satirique	ton satirique	tonality	satire
84.38	r_s	ton ironique	ton ironique	tonality	satire
84.39	r_s	ton satirique	ton satirique	tonality	satire
84.41	r_s	sensibilité effrénée	sensibilité	tonality	sensibilité
84.5	r_s	ton critique et humoristique	critique	tonality	critique
84.52	r_s	style élevé, épopée en prose	style élevé	tonality	style élevé
84.54	r_s	thèmes philosophiques, ton satirique	ton satirique	tonality	satire
84.62	r_s	genre troubadour	genre troubadour	tonality	style poétique
84.9	r_s	sensibilité effrénée	sensibilité	tonality	sensibilité
85.1	r_s	ton sentimental et moralisateur	ton sentimental	tonality	ton sentimental
85.11	r_s	sensibilité	sensibilité	tonality	sensibilité
85.14	r_s	vertu, sensibilité, nature	sensibilité	tonality	sensibilité
85.15	r_s	ton satirique, éléments réalistes	ton satirique	tonality	satire
85.15	r_s	ton satirique, éléments réalistes	éléments réalistes	tonality	tendances réalistes
85.16	r_s	ton satirique	ton satirique	tonality	satire
85.19	r_s	ton satirique	ton satirique	tonality	satire
85.3	r_s	récit coupé en ’mois’	récit coupé en ’mois’	tonality	contes
85.30	r_s	style épique	style épique	tonality	style épique
85.33	r_s	ton satirique	ton satirique	tonality	satire
85.36	r_s	vieux langage, goût pour l’ancienne littérature	goût pour l’ancienne littérature	tonality	vieux langage
85.38	r_s	ton satirique	ton satirique	tonality	satire
85.39	r_s	sensibilité, malheurs	sensibilité	tonality	sensibilité
85.40	r_s	imitations d’Ossian, thèmes philosophiques, intentions didactiques, tendances réalistes	imitations d’Ossia	tonality	manière imitée (parodie)
85.40	r_s	imitations d’Ossian, thèmes philosophiques, intentions didactiques, tendances réalistes	tendances réalistes	tonality	tendances réalistes
85.42	r_s	conte philosophique	conte philosophique	tonality	contes
85.43	r_s	ton satirique	ton satirique	tonality	satire
85.7	r_s	ton sentimental et moralisateur, observations des mœurs mauresques	ton sentimental	tonality	ton sentimental
86.1	r_s	sensibilité	sensibilité	tonality	sensibilité
86.11	r_s	sensibilité larmoyante	sensibilité	tonality	sensibilité
86.2	r_s	sensibilité	sensibilité	tonality	sensibilité
86.27	r_s	sensibilité, vie à la campagne	vie à la campagne	tonality	non-fiction
86.27	r_s	sensibilité, vie à la campagne	sensibilité	tonality	sensibilité
86.29	r_s	sensibilité	sensibilité	tonality	sensibilité
86.33	r_s	sensibilité	sensibilité	tonality	sensibilité
86.34	r_s	style épique	style épique	tonality	style épique
86.42	r_s	sensibilité, prétentions moralisatrices	sensibilité	tonality	sensibilité
86.45	r_s	sensibilité	sensibilité	tonality	sensibilité
86.46	r_s	ton satirique, prétentions philosophiques	ton satirique	tonality	satire
86.47	r_s	sensibilité	sensibilité	tonality	sensibilité
86.48	r_s	sensibilité	sensibilité	tonality	sensibilité
86.52	r_s	sensibilité	sensibilité	tonality	sensibilité
86.58	r_s	fortes tendances réalistes, autobiographie romancée	tendances réalistes	tonality	tendances réalistes
86.6	r_s	sensibilité	sensibilité	tonality	sensibilité
86.60	r_s	ton satirique	ton satirique	tonality	satire
86.63	r_s	style entrecoupé	style entrecoupé	tonality	style élevé
86.8	r_s	sensibilité, prétentions moralisatrices, attaques contre les philosophes	attaques contre les philosophes	tonality	critique
86.8	r_s	sensibilité, prétentions moralisatrices, attaques contre les philosophes	sensibilité	tonality	sensibilité
86.9	r_s	sensibilité	sensibilité	tonality	sensibilité
87.1	r_s	thème de l’éducation, critique des mœurs	critique	tonality	critique
87.15	r_s	parodie de Tristram Shandy	parodie	tonality	manière imitée (parodie)
87.16	r_s	ton satirique	ton satirique	tonality	satire
87.20	r_s	thèmes anticléricaux, ton satirique	thèmes anticléricaux	tonality	critique
87.20	r_s	thèmes anticléricaux, ton satirique	ton satirique	tonality	satire
87.29	r_s	style élevé, nature, sensibilité	sensibilité	tonality	sensibilité
87.29	r_s	style élevé, nature, sensibilité	style élevé	tonality	style élevé
87.30	r_s	sensibilité	sensibilité	tonality	sensibilité
87.31	r_s	ton satirique	ton satirique	tonality	satire
87.33	r_s	ton léger	ton léger	tonality	ton léger
87.34	r_s	ton plaisant, avec des notes facétieuses	ton plaisant	tonality	ton léger
87.35	r_s	sensibilité, intentions didactiques	sensibilité	tonality	sensibilité
87.37	r_s	sensibilité	sensibilité	tonality	sensibilité
87.4	r_s	observations politiques, thèmes philosophiques, pseudo-épopée	pseudo-épopée	tonality	style élevé
87.47	r_s	sensibilité	sensibilité	tonality	sensibilité
87.48	r_s	sensibilité, ironie	sensibilité	tonality	sensibilité
87.60	r_s	ton satirique	ton satirique	tonality	satire
87.61	r_s	intentions moralisatrices, sensibilité	sensibilité	tonality	sensibilité
87.68	r_s	ton satirique	ton satirique	tonality	satire
87.8	r_s	sensibilité débordante	sensibilité	tonality	sensibilité
88.10	r_s	ton facétieux. A la manière du Voyage sentimental de Sterne	A la manière du Voyage sentimental de Sterne	tonality	manière imitée (parodie)
88.10	r_s	ton facétieux. A la manière du Voyage sentimental de Sterne	ton facétieux	tonality	ton léger
88.102	r_s	sensibilité	sensibilité	tonality	sensibilité
88.105	r_s	sensibilité, vertu	sensibilité	tonality	sensibilité
88.106	r_s	cadre pastoral, forte couleur locale	forte couleur locale	tonality	couleur locale
88.14	r_s	sensibilité effrénée	sensibilité	tonality	sensibilité
88.16	r_s	sensibilité	sensibilité	tonality	sensibilité
88.17	r_s	ton satirique	ton satirique	tonality	satire
88.18	r_s	sensibilité	sensibilité	tonality	sensibilité
88.20	r_s	apologie de la Nature, sensibilité	apologie	tonality	apologie
88.20	r_s	apologie de la Nature, sensibilité	sensibilité	tonality	sensibilité
88.22	r_s	sensibilité, mystères	sensibilité	tonality	sensibilité
88.23	r_s	sensibilité, mélancolie	mélancolie	tonality	mélancolie
88.23	r_s	sensibilité, mélancolie	sensibilité	tonality	sensibilité
88.25	r_s	ton satirique	ton satirique	tonality	satire
88.29	r_s	ton satirique	ton satirique	tonality	satire
88.31	r_s	ton satirique, but moral	ton satirique	tonality	satire
88.32	r_s	sensibilité passionnée	sensibilité	tonality	sensibilité
88.34	r_s	vertu, sensibilité	sensibilité	tonality	sensibilité
88.35	r_s	sensibilité, vertu	sensibilité	tonality	sensibilité
88.37	r_s	sensibilité	sensibilité	tonality	sensibilité
88.46	r_s	sensibilité, mélancolie	mélancolie	tonality	mélancolie
88.46	r_s	sensibilité, mélancolie	sensibilité	tonality	sensibilité
88.48	r_s	sensibilité effrénée	sensibilité	tonality	sensibilité
88.55	r_s	sensibilité passionnée, réflexions mélancoliques	mélancolique	tonality	mélancolie
88.55	r_s	sensibilité passionnée, réflexions mélancoliques	sensibilité	tonality	sensibilité
88.56	r_s	prétentions moralisatrices, sensibilité	sensibilité	tonality	sensibilité
88.57bis	r_s	ton sensible et moralisateur	ton sensible	tonality	sensibilité
88.59	r_s	sensibilité effrénée	sensibilité	tonality	sensibilité
88.64	r_s	sensibilité	sensibilité	tonality	sensibilité
88.66	r_s	sensibilité	sensibilité	tonality	sensibilité
88.68	r_s	sensibilité, prétentions moralisatrices	sensibilité	tonality	sensibilité
88.69	r_s	ton satirique	ton satirique	tonality	satire
88.72	r_s	éléments réalistes, critique sociale, ton satirique	critique	tonality	critique
88.72	r_s	éléments réalistes, critique sociale, ton satirique	ton satirique	tonality	satire
88.72	r_s	éléments réalistes, critique sociale, ton satirique	éléments réalistes	tonality	tendances réalistes
88.73	r_s	sensibilité	sensibilité	tonality	sensibilité
88.86	r_s	ton satirique	ton satirique	tonality	satire
88.87	r_s	sensibilité, mélancolie	mélancolie	tonality	mélancolie
88.87	r_s	sensibilité, mélancolie	sensibilité	tonality	sensibilité
88.89	r_s	ton léger	ton léger	tonality	ton léger
88.9	r_s	sensibilité	sensibilité	tonality	sensibilité
88.91	r_s	goût pour l’ancienne littérature	goût pour l’ancienne littérature	tonality	vieux langage
88.96	r_s	ton satirique	ton satirique	tonality	satire
88.97	r_s	ton sentimental	ton sentimental	tonality	ton sentimental
88.98	r_s	sensibilité	sensibilité	tonality	sensibilité
89.1	r_s	sensibilité	sensibilité	tonality	sensibilité
89.103	r_s	ton ironique	ton ironique	tonality	satire
89.108	r_s	nature, sensibilité, ton grandiose	sensibilité	tonality	sensibilité
89.108	r_s	nature, sensibilité, ton grandiose	ton grandiose	tonality	style élevé
89.109	r_s	sensibilité effrénée	sensibilité	tonality	sensibilité
89.12	r_s	sensibilité, mélancolie	mélancolie	tonality	mélancolie
89.12	r_s	sensibilité, mélancolie	sensibilité	tonality	sensibilité
89.18	r_s	conte allégorique, critique de la noblesse	allégorique	tonality	allégorie
89.18	r_s	conte allégorique, critique de la noblesse	critique	tonality	critique
89.19	r_s	sensibilité, mélancolie	mélancolie	tonality	mélancolie
89.19	r_s	sensibilité, mélancolie	sensibilité	tonality	sensibilité
89.2	r_s	ton satirique	ton satirique	tonality	satire
89.21	r_s	précisions pornographiques	précisions pornographiques	tonality	précisions pornographiques
89.28	r_s	ton satirique	ton satirique	tonality	satire
89.3	r_s	sensibilité	sensibilité	tonality	sensibilité
89.32	r_s	prose poétique	prose poétique	tonality	style poétique
89.33	r_s	ton sentimental	ton sentimental	tonality	ton sentimental
89.35	r_s	sensibilité extrême	sensibilité	tonality	sensibilité
89.4	r_s	sensibilité	sensibilité	tonality	sensibilité
89.41	r_s	ton satirique	ton satirique	tonality	satire
89.42	r_s	sensibilité larmoyante, bienfaisance, nature	sensibilité	tonality	sensibilité
89.43	r_s	A la manière des Lettres persanes	A la manière des Lettres persanes	tonality	manière imitée (parodie)
89.53	r_s	ton sentimental et moralisateur	ton sentimental	tonality	ton sentimental
89.55	r_s	sensibilité effrénée	sensibilité	tonality	sensibilité
89.56	r_s	sensibilité	sensibilité	tonality	sensibilité
89.58	r_s	ton satirique	ton satirique	tonality	satire
89.62	r_s	satire de quelques membres du clergé qui habitent Le Mans et les environs	satire	tonality	satire
89.63	r_s	ton satirique	ton satirique	tonality	satire
89.65	r_s	sensibilité	sensibilité	tonality	sensibilité
89.66	r_s	sensibilité	sensibilité	tonality	sensibilité
89.68	r_s	sensibilité, vertu	sensibilité	tonality	sensibilité
89.69	r_s	sensibilité	sensibilité	tonality	sensibilité
89.72	r_s	ton sensible, avec éléments satiriques	éléments satiriques	tonality	satire
89.72	r_s	ton sensible, avec éléments satiriques	ton sensible	tonality	sensibilité
89.82	r_s	prétentions moralisatrices, sensibilité	sensibilité	tonality	sensibilité
89.83	r_s	sensibilité, intentions moralisatrices	sensibilité	tonality	sensibilité
89.85	r_s	sensibilité	sensibilité	tonality	sensibilité
89.9	r_s	ton libre	ton libre	tonality	ton léger
89.90	r_s	allégories, ton sentimental	allégorie	tonality	allégorie
89.90	r_s	allégories, ton sentimental	ton sentimental	tonality	ton sentimental
89.95	r_s	fortes tendances réalistes	tendances réalistes	tonality	tendances réalistes
89.97	r_s	sensibilité, vertu	sensibilité	tonality	sensibilité
89.98	r_s	allégorie	allégorie	tonality	allégorie
90.1	r_s	sensibilité effrénée	sensibilité	tonality	sensibilité
90.11	r_s	ton léger	ton léger	tonality	ton léger
90.13	r_s	précisions pornographiques	précisions pornographiques	tonality	précisions pornographiques
90.17	r_s	ton satirique	ton satirique	tonality	satire
90.25	r_s	couleur locale (mots tahitiens dans le texte)	couleur locale	tonality	couleur locale
90.28	r_s	sensibilité passionnée, style élevé	sensibilité	tonality	sensibilité
90.28	r_s	sensibilité passionnée, style élevé	style élevé	tonality	style élevé
90.39	r_s	style poétique	style poétique	tonality	style poétique
90.40	r_s	ton satirique, style ’ancien ’	ton satirique	tonality	satire
90.40	r_s	ton satirique, style ’ancien ’	style ’ancien ’	tonality	vieux langage
90.41	r_s	mélancolie, thèmes préromantiques, éloge de la vie simple	mélancolie	tonality	mélancolie
90.41	r_s	mélancolie, thèmes préromantiques, éloge de la vie simple	éloge de la vie simple	tonality	non-fiction
90.44	r_s	dans le genre du Roman comique de Scarron, intentions satiriques	dans le genre du Roman comique de Scarron	tonality	manière imitée (parodie)
90.50	r_s	sensibilité passionnée	sensibilité	tonality	sensibilité
90.52	r_s	sensibilité	sensibilité	tonality	sensibilité
90.65	r_s	sensibilité	sensibilité	tonality	sensibilité
90.66	r_s	sensibilité	sensibilité	tonality	sensibilité
90.7	r_s	ton satirique	ton satirique	tonality	satire
91.1	r_s	ton sensible	ton sensible	tonality	sensibilité
91.18	r_s	sensibilité, couleur locale	couleur locale	tonality	couleur locale
91.18	r_s	sensibilité, couleur locale	sensibilité	tonality	sensibilité
91.19	r_s	sensibilité	sensibilité	tonality	sensibilité
91.23	r_s	ton satirique	ton satirique	tonality	satire
91.24	r_s	ton satirique	ton satirique	tonality	satire
91.25	r_s	sensibilité effrénée, style entrecoupé	sensibilité	tonality	sensibilité
91.25	r_s	sensibilité effrénée, style entrecoupé	style entrecoupé	tonality	style élevé
91.32	r_s	sensibilité	sensibilité	tonality	sensibilité
91.40	r_s	sensibilité, nature	sensibilité	tonality	sensibilité
91.8	r_s	ton satirique	ton satirique	tonality	satire
92.15	r_s	sensibilité, vertu, philosophie	sensibilité	tonality	sensibilité
92.17	r_s	ton satirique	ton satirique	tonality	satire
92.18	r_s	sensibilité	sensibilité	tonality	sensibilité
92.2	r_s	précisions pornographiques	précisions pornographiques	tonality	précisions pornographiques
92.21	r_s	sensibilité, vertu	sensibilité	tonality	sensibilité
92.3	r_s	sensibilité	sensibilité	tonality	sensibilité
92.30	r_s	sensibilité, mélancolie	mélancolie	tonality	mélancolie
92.30	r_s	sensibilité, mélancolie	sensibilité	tonality	sensibilité
92.33	r_s	précisions pornographiques	précisions pornographiques	tonality	précisions pornographiques
92.34	r_s	précisions pornographiques	précisions pornographiques	tonality	précisions pornographiques
92.39	r_s	style héroï-comique	style héroï-comique	tonality	ton léger
92.7	r_s	satire des mœurs	satire	tonality	satire
92.8	r_s	récit d’après un tableau de Raphaël	récit d’après un tableau de Raphaël	tonality	contes
93.11	r_s	sensibilité	sensibilité	tonality	sensibilité
93.12	r_s	ton moralisateur, sensibilité	sensibilité	tonality	sensibilité
93.13	r_s	sensibilité	sensibilité	tonality	sensibilité
93.15	r_s	ton héroï-comique	ton héroï-comique	tonality	ton léger
93.4	r_s	précisions pornographiques	précisions pornographiques	tonality	précisions pornographiques
93.5	r_s	satire politique, religieuse, médicale	satire	tonality	satire
93.6	r_s	attaques contre les monarques	attaques contre les monarques	tonality	critique
94.1	r_s	sensibilité	sensibilité	tonality	sensibilité
94.5	r_s	sensibilité, vertu, nature. Imitation de Paul et Virginie	sensibilité	tonality	sensibilité
94.7	r_s	thèmes anticléricaux, vertus républicaines	thèmes anticléricaux	tonality	critique
95.12	r_s	vertu, sensibilité	sensibilité	tonality	sensibilité
95.13	r_s	prose poétique	prose poétique	tonality	style poétique
95.14	r_s	prose poétique, peintures voluptueuses, sensibilité passionnée	sensibilité	tonality	sensibilité
95.14	r_s	prose poétique, peintures voluptueuses, sensibilité passionnée	prose poétique	tonality	style poétique
95.26	r_s	sensibilité	sensibilité	tonality	sensibilité
95.27	r_s	sensibilité passionnée	sensibilité	tonality	sensibilité
95.28	r_s	sensibilité, mélancolie	mélancolie	tonality	mélancolie
95.28	r_s	sensibilité, mélancolie	sensibilité	tonality	sensibilité
95.3	r_s	sensibilité, vertu	sensibilité	tonality	sensibilité
95.39	r_s	sensibilité	sensibilité	tonality	sensibilité
95.4	r_s	sensibilité	sensibilité	tonality	sensibilité
96.12	r_s	nature, sensibilité, vertu	sensibilité	tonality	sensibilité
96.16	r_s	ton sentimental et moralisateur	ton sentimental	tonality	ton sentimental
96.17	r_s	sensibilité, mais ironie	sensibilité	tonality	sensibilité
96.18bis	r_s	ton sensible	ton sensible	tonality	sensibilité
96.26	r_s	vertu, critique des préjugés	critique	tonality	critique
96.3	r_s	tendances réalistes, thèmes philosophiques	tendances réalistes	tonality	tendances réalistes
96.33	r_s	sensibilité, mélancolie	mélancolie	tonality	mélancolie
96.33	r_s	sensibilité, mélancolie	sensibilité	tonality	sensibilité
96.34	r_s	sensibilité	sensibilité	tonality	sensibilité
96.39	r_s	sensibilité	sensibilité	tonality	sensibilité
96.40	r_s	genre troubadour	genre troubadour	tonality	style poétique
96.42	r_s	ton sensible	ton sensible	tonality	sensibilité
96.5	r_s	détails pornographiques	détails pornographiques	tonality	précisions pornographiques
96.50	r_s	ton facétieux	ton facétieux	tonality	ton léger
96.52	r_s	sensibilité, ton moralisateur	sensibilité	tonality	sensibilité
96.7	r_s	sensibilité, mais des éléments comiques aussi	sensibilité	tonality	sensibilité
97.1	r_s	sensibilité larmoyante, prose poétique entremêlée de vers	sensibilité	tonality	sensibilité
97.1	r_s	sensibilité larmoyante, prose poétique entremêlée de vers	prose poétique	tonality	style poétique
97.10	r_s	sensibilité	sensibilité	tonality	sensibilité
97.13	r_s	ton léger	ton léger	tonality	ton léger
97.14	r_s	sensibilité, nature	sensibilité	tonality	sensibilité
97.17	r_s	conte philosophique	conte philosophique	tonality	contes
97.19	r_s	peinture des mœurs, ton satirique	ton satirique	tonality	satire
97.2	r_s	sensibilité, mélancolie, prétentions moralisatrices	mélancolie	tonality	mélancolie
97.2	r_s	sensibilité, mélancolie, prétentions moralisatrices	sensibilité	tonality	sensibilité
97.25	r_s	sensibilité effrénée	sensibilité	tonality	sensibilité
97.27	r_s	sensibilité, mélancolie	mélancolie	tonality	mélancolie
97.27	r_s	sensibilité, mélancolie	sensibilité	tonality	sensibilité
97.29	r_s	sensibilité	sensibilité	tonality	sensibilité
97.33	r_s	prose poétique	prose poétique	tonality	style poétique
97.36	r_s	sensibilité, but moralisateur	sensibilité	tonality	sensibilité
97.4	r_s	sensibilité	sensibilité	tonality	sensibilité
97.42	r_s	sensibilité	sensibilité	tonality	sensibilité
97.49	r_s	ton léger	ton léger	tonality	ton léger
97.58	r_s	mélancolie, roman noir	mélancolie	tonality	mélancolie
97.59	r_s	sensibilité, mélancolie	mélancolie	tonality	mélancolie
97.59	r_s	sensibilité, mélancolie	sensibilité	tonality	sensibilité
97.61	r_s	ton satirique	ton satirique	tonality	satire
97.63	r_s	mélancolie et sensibilité	mélancolie	tonality	mélancolie
97.63	r_s	mélancolie et sensibilité	sensibilité	tonality	sensibilité
97.65	r_s	sensibilité	sensibilité	tonality	sensibilité
97.66	r_s	sensibilité	sensibilité	tonality	sensibilité
97.68	r_s	sensibilité, mélancolie	mélancolie	tonality	mélancolie
97.68	r_s	sensibilité, mélancolie	sensibilité	tonality	sensibilité
97.71	r_s	précisions pornographiques	précisions pornographiques	tonality	précisions pornographiques
97.72	r_s	style poétique	style poétique	tonality	style poétique
97.77	r_s	sensibilité	sensibilité	tonality	sensibilité
98.1	r_s	peinture des mœurs, observations morales, sensibilité	sensibilité	tonality	sensibilité
98.10	r_s	sensibilité, éléments du roman noir	sensibilité	tonality	sensibilité
98.11	r_s	ton sentimental	ton sentimental	tonality	ton sentimental
98.12	r_s	sensibilité	sensibilité	tonality	sensibilité
98.18	r_s	ton sensible et moralisateur, peinture des mœurs	ton sensible	tonality	sensibilité
98.19	r_s	sensibilité, ton moralisateur	sensibilité	tonality	sensibilité
98.20	r_s	sensibilité, ton moralisateur	sensibilité	tonality	sensibilité
98.22	r_s	sensibilité, mélancolie	mélancolie	tonality	mélancolie
98.22	r_s	sensibilité, mélancolie	sensibilité	tonality	sensibilité
98.23	r_s	tendances réalistes	tendances réalistes	tonality	tendances réalistes
98.29	r_s	sensibilité, mélancolie, bienfaisance	mélancolie	tonality	mélancolie
98.29	r_s	sensibilité, mélancolie, bienfaisance	sensibilité	tonality	sensibilité
98.3	r_s	thèmes philosophiques, ton satirique (imitation de Candide)	ton satirique (imitation de Candide)	tonality	satire
98.30	r_s	nature, vertu, sensibilité	sensibilité	tonality	sensibilité
98.31	r_s	sensibilité	sensibilité	tonality	sensibilité
98.33	r_s	sensibilité	sensibilité	tonality	sensibilité
98.34	r_s	construction désordonnée, ton satirique et facétieux	ton satirique et facétieux	tonality	ton léger
98.34	r_s	construction désordonnée, ton satirique et facétieux	ton satirique	tonality	satire
98.39	r_s	sensibilité	sensibilité	tonality	sensibilité
98.42	r_s	sensibilité	sensibilité	tonality	sensibilité
98.44	r_s	sensibilité	sensibilité	tonality	sensibilité
98.46	r_s	mélancolie, ton sombre	mélancolie	tonality	mélancolie
98.48	r_s	sensibilité, critique des mœurs	critique	tonality	critique
98.48	r_s	sensibilité, critique des mœurs	sensibilité	tonality	sensibilité
98.53	r_s	sensibilité	sensibilité	tonality	sensibilité
98.55	r_s	vertu, simplicité, sensibilité	sensibilité	tonality	sensibilité
98.56	r_s	sensibilité	sensibilité	tonality	sensibilité
98.58	r_s	ton satirique	ton satirique	tonality	satire
98.59	r_s	ton léger	ton léger	tonality	ton léger
98.60	r_s	tendances réalistes et satiriques	tendances réalistes	tonality	tendances réalistes
98.61	r_s	sensibilité, ton moralisateur	sensibilité	tonality	sensibilité
98.66	r_s	sensibilité, mélancolie	mélancolie	tonality	mélancolie
98.66	r_s	sensibilité, mélancolie	sensibilité	tonality	sensibilité
98.67	r_s	sensibilité	sensibilité	tonality	sensibilité
98.71	r_s	détails des mœurs, ton moralisateur et sensible	ton moralisateur et sensible	tonality	sensibilité
98.73bis	r_s	prose poétique	prose poétique	tonality	style poétique
98.76	r_s	sensibilité	sensibilité	tonality	sensibilité
98.81	r_s	sensibilité, prétentions moralisatrices	sensibilité	tonality	sensibilité
98.82	r_s	ton satirique	ton satirique	tonality	satire
98.83bis	r_s	ton satirique	ton satirique	tonality	satire
98.89	r_s	sensibilité	sensibilité	tonality	sensibilité
98.90	r_s	style épique	style épique	tonality	style épique
98.91	r_s	ton satirique	ton satirique	tonality	satire
98.94	r_s	sensibilité, mélancolie	mélancolie	tonality	mélancolie
98.94	r_s	sensibilité, mélancolie	sensibilité	tonality	sensibilité
98.96	r_s	bienfaisance, sensibilité	sensibilité	tonality	sensibilité
98.97	r_s	sensibilité	sensibilité	tonality	sensibilité
99.10	r_s	ton gai, éléments réalistes	éléments réalistes	tonality	tendances réalistes
99.10	r_s	ton gai, éléments réalistes	ton gai	tonality	ton léger
99.100	r_s	ton satirique	ton satirique	tonality	satire
99.103	r_s	sensibilité	sensibilité	tonality	sensibilité
99.109	r_s	sensibilité, intentions moralisatrices	sensibilité	tonality	sensibilité
99.110	r_s	ton satirique	ton satirique	tonality	satire
99.112	r_s	sensibilité	sensibilité	tonality	sensibilité
99.114	r_s	ton satirique	ton satirique	tonality	satire
99.12	r_s	ton satirique	ton satirique	tonality	satire
99.121	r_s	sensibilité, mélancolie	mélancolie	tonality	mélancolie
99.121	r_s	sensibilité, mélancolie	sensibilité	tonality	sensibilité
99.125	r_s	sensibilité, mélancolie	mélancolie	tonality	mélancolie
99.125	r_s	sensibilité, mélancolie	sensibilité	tonality	sensibilité
99.128	r_s	ton satirique, thèmes philosophiques	ton satirique	tonality	satire
99.129	r_s	sensibilité, intentions moralisatrices	sensibilité	tonality	sensibilité
99.13	r_s	précisions pornographiques	précisions pornographiques	tonality	précisions pornographiques
99.130	r_s	ton sentimental et moralisateur	ton sentimental	tonality	ton sentimental
99.135	r_s	sensibilité mélancolique	mélancolique	tonality	mélancolie
99.135	r_s	sensibilité mélancolique	sensibilité	tonality	sensibilité
99.136	r_s	sensibilité, ton moralisateur	sensibilité	tonality	sensibilité
99.137	r_s	sensibilité	sensibilité	tonality	sensibilité
99.138	r_s	sensibilité exaltée	sensibilité	tonality	sensibilité
99.141	r_s	ton satirique, tendances réalistes	tendances réalistes	tonality	tendances réalistes
99.141	r_s	ton satirique, tendances réalistes	ton satirique	tonality	satire
99.144	r_s	ton léger, intentions moralisatrices	ton léger	tonality	ton léger
99.146	r_s	sensibilité, malheurs	sensibilité	tonality	sensibilité
99.147	r_s	sensibilité effrénée, éléments du roman noir	sensibilité	tonality	sensibilité
99.151	r_s	sensibilité	sensibilité	tonality	sensibilité
99.153	r_s	sensibilité	sensibilité	tonality	sensibilité
99.157	r_s	critique des mœurs	critique	tonality	critique
99.158	r_s	critique sociale, ton moralisateur et sensible	critique	tonality	critique
99.158	r_s	critique sociale, ton moralisateur et sensible	ton moralisateur et sensible	tonality	sensibilité
99.160	r_s	éléments merveilleux, thèmes philosophiques, ton facétieux	éléments merveilleux	tonality	conte de fée
99.160	r_s	éléments merveilleux, thèmes philosophiques, ton facétieux	ton facétieux	tonality	ton léger
99.161	r_s	parodie des romans à la mode	parodie des romans à la mode	tonality	manière imitée (parodie)
99.163	r_s	retour à la nature	retour à la nature	tonality	non-fiction
99.164	r_s	ton sentimental	ton sentimental	tonality	ton sentimental
99.167	r_s	sensibilité, prétentions moralisatrices	sensibilité	tonality	sensibilité
99.168	r_s	sensibilité	sensibilité	tonality	sensibilité
99.170	r_s	mélancolie, désespoir	mélancolie	tonality	mélancolie
99.172	r_s	sensibilité	sensibilité	tonality	sensibilité
99.174	r_s	mélancolie, sensibilité, épisodes sombres	mélancolie	tonality	mélancolie
99.174	r_s	mélancolie, sensibilité, épisodes sombres	sensibilité	tonality	sensibilité
99.18	r_s	sensibilité effrénée	sensibilité	tonality	sensibilité
99.19	r_s	peinture des mœurs, sensibilité, intentions moralisatrices	sensibilité	tonality	sensibilité
99.22	r_s	ton léger	ton léger	tonality	ton léger
99.24	r_s	sensibilité effrenée	sensibilité	tonality	sensibilité
99.28	r_s	ton sentimental	ton sentimental	tonality	ton sentimental
99.3	r_s	ton sentimental et moralisateur	ton sentimental	tonality	ton sentimental
99.33	r_s	ton satirique	ton satirique	tonality	satire
99.42	r_s	ton sensible	ton sensible	tonality	sensibilité
99.44	r_s	ton satirique	ton satirique	tonality	satire
99.45	r_s	sensibilité, mélancolie	mélancolie	tonality	mélancolie
99.45	r_s	sensibilité, mélancolie	sensibilité	tonality	sensibilité
99.46	r_s	ton satirique	ton satirique	tonality	satire
99.48	r_s	sensibilité	sensibilité	tonality	sensibilité
99.49	r_s	sensibilité, nature	sensibilité	tonality	sensibilité
99.50	r_s	ton satirique	ton satirique	tonality	satire
99.53	r_s	sensibilité	sensibilité	tonality	sensibilité
99.56	r_s	sensibilité, couleur locale, roman noir	couleur locale	tonality	couleur locale
99.56	r_s	sensibilité, couleur locale, roman noir	sensibilité	tonality	sensibilité
99.59	r_s	sensibilité, intentions, moralisatrices	sensibilité	tonality	sensibilité
99.6	r_s	ton voluptueux mais moralisateur	voluptueux	tonality	style poétique
99.65	r_s	ton satirique, sensibilité	ton satirique	tonality	satire
99.65	r_s	ton satirique, sensibilité	sensibilité	tonality	sensibilité
99.66	r_s	sensibilité	sensibilité	tonality	sensibilité
99.69	r_s	sensibilité	sensibilité	tonality	sensibilité
99.70	r_s	sensibilité	sensibilité	tonality	sensibilité
99.74	r_s	ton léger	ton léger	tonality	ton léger
99.75	r_s	sensibilité	sensibilité	tonality	sensibilité
99.77	r_s	sensibilité, nature, vertu	sensibilité	tonality	sensibilité
99.79	r_s	épopée en prose poétique	prose poétique	tonality	style poétique
99.82	r_s	genre troubadour	genre troubadour	tonality	style poétique
99.83	r_s	sensibilité	sensibilité	tonality	sensibilité
99.84	r_s	ton léger	ton léger	tonality	ton léger
99.87	r_s	ton sentimental	ton sentimental	tonality	ton sentimental
99.88	r_s	sensibilité, malheurs	sensibilité	tonality	sensibilité
99.89	r_s	style poétique	style poétique	tonality	style poétique
99.9	r_s	ton sensible et moralisateur	ton sensible	tonality	sensibilité
99.92	r_s	ton satirique	ton satirique	tonality	satire
99.94	r_s	sensibilité, mélancolie	mélancolie	tonality	mélancolie
99.94	r_s	sensibilité, mélancolie	sensibilité	tonality	sensibilité
00.37	r_s	précisions pornographiques. (Ce serait une satire contre Joséphine de Beauharnais, madame Tallien et madame Visconti.)	précisions pornographiques	tonality	précisions pornographiques
00.37	r_s	précisions pornographiques. (Ce serait une satire contre Joséphine de Beauharnais, madame Tallien et madame Visconti.)	satire	tonality	satire
52.43	r_s	thèmes philosophiques, ton satirique.	ton satirique	tonality	satire
53.26	r_s	style poétique.	style poétique	tonality	style poétique
58.17	r_s	analyse des sentiments, mélancolie.	mélancolie	tonality	mélancolie
58.5	r_s	ton satirique	ton satirique	tonality	satire
59.22	r_s	sensibilité.	sensibilité	tonality	sensibilité
60.21	r_s	sensibilité, mélancolie.	mélancolie	tonality	mélancolie
60.21	r_s	sensibilité, mélancolie.	sensibilité	tonality	sensibilité
61.17	r_s	style poétique, pseudo-épopée à la manière de Fénelon.	pseudo-épopée	tonality	style élevé
61.17	r_s	style poétique, pseudo-épopée à la manière de Fénelon.	style poétique	tonality	style poétique
62.11	r_s	critique des mœurs, ton satirique.	critique	tonality	critique
62.11	r_s	critique des mœurs, ton satirique.	ton satirique	tonality	satire
63.19	r_s	poème en prose, genre troubadour.	genre troubadour	tonality	style poétique
64.39	r_s	sensibilité.	sensibilité	tonality	sensibilité
66.11	r_s	sensibilité, analyse des sentiments.	sensibilité	tonality	sensibilité
67.36	r_s	sensibilité, mélancolie, sentiments chrétiens et anti-philosophiques.	mélancolie	tonality	mélancolie
67.36	r_s	sensibilité, mélancolie, sentiments chrétiens et anti-philosophiques.	sensibilité	tonality	sensibilité
67.39	r_s	style noble, vertu, thèmes philosophiques.	style noble	tonality	style élevé
69.57	r_s	sensibilité, vertu, prose poétique.	sensibilité	tonality	sensibilité
69.57	r_s	sensibilité, vertu, prose poétique.	prose poétique	tonality	style poétique
71.25	r_s	sensibilité effrénée.	sensibilité	tonality	sensibilité
71.36	r_s	ton satirique.	ton satirique	tonality	satire
72.19	r_s	sensibilité effrénée, analyse d’un problème moral.	sensibilité	tonality	sensibilité
74.15	r_s	sensibilité, vertu, prétentions moralisatrices.	sensibilité	tonality	sensibilité
74.20	r_s	malheurs, sensibilité passionnée.	sensibilité	tonality	sensibilité
76.36	r_s	sensibilité, vertu.	sensibilité	tonality	sensibilité
77.50	r_s	roman philosophique (contre le fanatisme), couleur locale, épopée en prose.	couleur locale	tonality	couleur locale
79.22	r_s	sensibilité, vertu.	sensibilité	tonality	sensibilité
82.20	r_s	but didactique (roman d’éducation), sensibilité, vertu.	sensibilité	tonality	sensibilité
82.27	r_s	thèmes philosophiques, quelques épisodes aux tendances réalistes.	tendances réalistes	tonality	tendances réalistes
83.15	r_s	sensibilité larmoyante, malheurs.	sensibilité	tonality	sensibilité
83.26	r_s	prose poétique.	prose poétique	tonality	style poétique
83.31	r_s	sensibilité larmoyante.	sensibilité	tonality	sensibilité
83.40	r_s	précisions pornographiques.	précisions pornographiques	tonality	précisions pornographiques
83.42	r_s	ton sensible.	ton sensible	tonality	sensibilité
84.58	r_s	sensibilité, intentions moralisatrices, tendances réalistes.	tendances réalistes	tonality	tendances réalistes
84.58	r_s	sensibilité, intentions moralisatrices, tendances réalistes.	sensibilité	tonality	sensibilité
85.24	r_s	critique sociale, analyse psychologique.	critique	tonality	critique
86.27	r_s	sensibilité, vie à la campagne.	vie à la campagne	tonality	non-fiction
86.27	r_s	sensibilité, vie à la campagne.	sensibilité	tonality	sensibilité
87.54bis	r_s	sensibilité passionnée, retour à la nature.	retour à la nature	tonality	non-fiction
87.54bis	r_s	sensibilité passionnée, retour à la nature.	sensibilité	tonality	sensibilité
87.56	r_s	ton léger.	ton léger	tonality	ton léger
88.53	r_s	style poétique.	style poétique	tonality	style poétique
90.47	r_s	ton satirique.	ton satirique	tonality	satire
91.42	r_s	détails pornographiques.	détails pornographiques	tonality	précisions pornographiques
91.43	r_s	conte philosophique.	conte philosophique	tonality	contes
91.44	r_s	ton satirique.	ton satirique	tonality	satire
93.16	r_s	précisions pornographiques.	précisions pornographiques	tonality	précisions pornographiques
95.20	r_s	sensibilité.	sensibilité	tonality	sensibilité
95.37	r_s	précisions pornographiques.	précisions pornographiques	tonality	précisions pornographiques
98.41	r_s	sensibilité, vertu.	sensibilité	tonality	sensibilité
99.62	r_s	analyse des sentiments, sensibilité, vertu.	sensibilité	tonality	sensibilité
99.76	r_s	nature, sensibilité, vertu, bienfaisance.	sensibilité	tonality	sensibilité
