bgrf_id	mimotext_id	column	text	keyword	property	concept	concept_id
52.32	Q1259	r_s	conte allégorique; style poétique	allégorique	P39	allégorie	Q3895 
53.33	Q1285	r_s	allégorie humoristique, en forme de rêve, sur des questions d’eugénique	allégorie	P39	allégorie	Q3895 
59.17	Q1391	r_s	Les voiages de la Raison, fable allégorique	allégorique	P39	allégorie	Q3895 
66.8	Q1586	r_s	allégorie de la vie politique (selon l’auteur)	allégorie	P39	allégorie	Q3895 
70.16	Q1721	r_s	allégorie morale	allégorie	P39	allégorie	Q3895 
89.18	Q2331	r_s	conte allégorique, critique de la noblesse	allégorique	P39	allégorie	Q3895 
89.90	Q2368	r_s	allégories, ton sentimental	allégorie	P39	allégorie	Q3895 
89.98	Q2373	r_s	allégorie	allégorie	P39	allégorie	Q3895 
63.25	Q1472	r_s	analyse psychologique	analyse psychologique	P39	analyse des passions	Q3896 
64.23	Q1499	r_s	analyse psychologique	analyse psychologique	P39	analyse des passions	Q3896 
66.10	Q1557	r_s	analyse des sentiments	analyse des sentiments	P39	analyse des passions	Q3896 
66.16	Q1561	r_s	sensibilité passionnée	passion	P39	analyse des passions	Q3896 
67.31	Q1608	r_s	sensibilité passionnée et mélancolique	passion	P39	analyse des passions	Q3896 
68.25	Q1639	r_s	"sensibilité, mélancolie, passions funestes, héros ""philosophe"""	passion	P39	analyse des passions	Q3896 
68.48	Q1661	r_s	intentions moralisatrices, analyse des sentiments	analyse des sentiments	P39	analyse des passions	Q3896 
69.29	Q1689	r_s	sensibilité passionnée	passion	P39	analyse des passions	Q3896 
69.65	Q1713	r_s	sensibilité effrénée, analyse des sentiments	analyse des sentiments	P39	analyse des passions	Q3896 
70.26	Q1730	r_s	analyse des sentiments, vertu	analyse des sentiments	P39	analyse des passions	Q3896 
70.74	Q1760	r_s	sensibilité passionnée, poème en prose	passion	P39	analyse des passions	Q3896 
72.27	Q1805	r_s	sensibilité passionnée, couleur locale	passion	P39	analyse des passions	Q3896 
72.32	Q1810	r_s	sensibilité, analyse des sentiments	analyse des sentiments	P39	analyse des passions	Q3896 
73.11	Q1821	r_s	passion, sensibilité	passion	P39	analyse des passions	Q3896 
76.17	Q1901	r_s	sensibilité passionnée	passion	P39	analyse des passions	Q3896 
80.24	Q2023	r_s	sensibilité, analyse des passions	analyse des passions	P39	analyse des passions	Q3896 
81.13	Q2040	r_s	sensibilité passionnée, nature	passion	P39	analyse des passions	Q3896 
84.18	Q2125	r_s	analyse des sentiments	analyse des sentiments	P39	analyse des passions	Q3896 
88.32	Q2285	r_s	sensibilité passionnée	passion	P39	analyse des passions	Q3896 
88.5	Q2293	r_s	analyse des sentiments	analyse des sentiments	P39	analyse des passions	Q3896 
88.55	Q2298	r_s	sensibilité passionnée, réflexions mélancoliques	réflexions mélancoliques	P39	analyse des passions	Q3896 
90.28	Q2390	r_s	sensibilité passionnée, style élevé	passion	P39	analyse des passions	Q3896 
94.14	Q2497	r_s	passions violentes et néfastes	passions violentes et néfastes	P39	analyse des passions	Q3896 
95.14	Q2509	r_s	prose poétique, peintures voluptueuses, sensibilité passionnée	passion	P39	analyse des passions	Q3896 
57.12	Q1016	r_s	analyse psychologique.	analyse psychologique	P39	analyse des passions	Q3896 
58.17	Q1018	r_s	analyse des sentiments, mélancolie.	analyse des sentiments	P39	analyse des passions	Q3896 
66.11	Q1031	r_s	sensibilité, analyse des sentiments.	analyse des sentiments	P39	analyse des passions	Q3896 
67.44	Q1034	r_s	analyse psychologique.	analyse psychologique	P39	analyse des passions	Q3896 
74.20	Q1044	r_s	malheurs, sensibilité passionnée.	passion	P39	analyse des passions	Q3896 
82.17	Q1053	r_s	analyse psychologique.	analyse psychologique	P39	analyse des passions	Q3896 
85.24	Q1066	r_s	critique sociale, analyse psychologique.	analyse psychologique	P39	analyse des passions	Q3896 
87.54bis	Q1071	r_s	sensibilité passionnée, retour à la nature.	passion	P39	analyse des passions	Q3896 
94.13	Q1082	r_s	analyse des sentiments.	analyse des sentiments	P39	analyse des passions	Q3896 
99.62	Q1099	r_s	analyse des sentiments, sensibilité, vertu.	analyse des sentiments	P39	analyse des passions	Q3896 
56.12	Q1350	r_s	ton comique	ton comique	P39	comique	Q3916 
60.6	Q1423	r_s	ton comique	ton comique	P39	comique	Q3916 
63.30	Q1475	r_s	critique des mœurs, ton comique	ton comique	P39	comique	Q3916 
67.19	Q1598	r_s	variété des tons, intentions comiques	comique	P39	comique	Q3916 
67.5	Q1620	r_s	tendances réalistes, ton comique	ton comique	P39	comique	Q3916 
78.33	Q1976	r_s	ton comique	ton comique	P39	comique	Q3916 
90.44	Q2399	r_s	dans le genre du Roman comique de Scarron, intentions satiriques	comique	P39	comique	Q3916 
92.39	Q2476	r_s	style héroï-comique	comique	P39	comique	Q3916 
93.15	Q2485	r_s	ton héroï-comique	comique	P39	comique	Q3916 
00.106	Q1108	r_s	ouvrage à clef (la fin du t. II présente une histoire de la Révolution sous des noms indiens)	Révolution	P39	considérations politiques	Q3917 
57.1	Q1367	r_s	la morale, la politique, etc.	la morale, la politique, etc.	P39	considérations politiques	Q3917 
66.33	Q1575	r_s	considérations politiques	considérations politiques	P39	considérations politiques	Q3917 
68.16	Q1631	r_s	dialogues sur la religion	dialogues sur la religion	P39	considérations politiques	Q3917 
70.24	Q1728	r_s	thèmes politiques et religieux (allusions à l’affaire Calas)	thèmes politiques	P39	considérations politiques	Q3917 
71.21	Q1771	r_s	sensibilité, thème de l’esclavage	thème de l’esclavage	P39	considérations politiques	Q3917 
72.29	Q1807	r_s	discussions politiques, intentions didactiques	discussions politiques	P39	considérations politiques	Q3917 
79.14	Q1986	r_s	discussions politiques	discussions politiques	P39	considérations politiques	Q3917 
80.16	Q2014	r_s	retour à la nature, thèmes anticléricaux (religion naturelle)	thèmes anticléricaux (religion naturelle)	P39	considérations politiques	Q3917 
88.42	Q2289	r_s	thèmes politiques	thèmes politiques	P39	considérations politiques	Q3917 
90.2	Q2385	r_s	thèmes politiques	thèmes politiques	P39	considérations politiques	Q3917 
90.31	Q2391	r_s	roman d’éducation (thèmes politiques, religieux)	thèmes politiques	P39	considérations politiques	Q3917 
92.23	Q2463	r_s	thèmes politiques et moraux	thèmes politiques	P39	considérations politiques	Q3917 
99.96	Q2758	r_s	thèmes politiques	thèmes politiques	P39	considérations politiques	Q3917 
00.137	Q1139	r_s	critique des mœurs et des institutions (à la manière des Lettres persanes)	critique	P39	critique	Q3902 
55.11	Q1316	r_s	critique des mœurs, ton satirique	critique	P39	critique	Q3902 
55.19	Q1322	r_s	thèses féministes	thèses féministes	P39	critique	Q3902 
56.2	Q1354	r_s	critique des couvents	critique	P39	critique	Q3902 
56.3	Q1359	r_s	ton anti-religieux	ton anti-religieux	P39	critique	Q3902 
62.37	Q1454	r_s	critique des mœurs	critique	P39	critique	Q3902 
62.7	Q1459	r_s	critique des mœurs à la manière du Diable boiteux	critique	P39	critique	Q3902 
63.30	Q1475	r_s	critique des mœurs, ton comique	critique	P39	critique	Q3902 
65.11	Q1518	r_s	critique des mœurs, ton satirique	critique	P39	critique	Q3902 
67.29	Q1605	r_s	critique de l’église et des dogmes catholiques	critique	P39	critique	Q3902 
68.56	Q1668	r_s	critique des mœurs, thèmes philosophiques	critique	P39	critique	Q3902 
69.69	Q1715	r_s	critique de l’Eglise, thèmes philosophiques	critique	P39	critique	Q3902 
71.15	Q1768	r_s	thèmes anticléricaux	thèmes anticléricaux	P39	critique	Q3902 
73.15	Q1823	r_s	critique des mœurs et observations morales	critique	P39	critique	Q3902 
78.29	Q1972	r_s	critique des mœurs	critique	P39	critique	Q3902 
80.16	Q2014	r_s	retour à la nature, thèmes anticléricaux (religion naturelle)	thèmes anticléricaux	P39	critique	Q3902 
80.17	Q2015	r_s	critique des mœurs anglaises	critique	P39	critique	Q3902 
81.29	Q2052	r_s	thèmes philosophiques, théories pseudoscientifiques, critique des mœurs	critique	P39	critique	Q3902 
84.3	Q2136	r_s	critique polémique	critique	P39	critique	Q3902 
87.1	Q2232	r_s	thème de l’éducation, critique des mœurs	critique	P39	critique	Q3902 
87.20	Q2237	r_s	thèmes anticléricaux, ton satirique	thèmes anticléricaux	P39	critique	Q3902 
89.18	Q2331	r_s	conte allégorique, critique de la noblesse	critique	P39	critique	Q3902 
93.6	Q2491	r_s	attaques contre les monarques	attaques contre les monarques	P39	critique	Q3902 
94.7	Q2504	r_s	thèmes anticléricaux, vertus républicaines	thèmes anticléricaux	P39	critique	Q3902 
99.157	Q2687	r_s	critique des mœurs	critique	P39	critique	Q3902 
99.158	Q2688	r_s	critique sociale, ton moralisateur et sensible	critique	P39	critique	Q3902 
62.11	Q1026	r_s	critique des mœurs, ton satirique.	critique	P39	critique	Q3902 
85.24	Q1066	r_s	critique sociale, analyse psychologique.	critique	P39	critique	Q3902 
51.37	Q1233	r_s	intentions moralisatrices, thème de l’éducation	thème de l’éducation	P39	didactique	Q3918 
54.23	Q1300	r_s	intentions didactiques	didactique	P39	didactique	Q3918 
62.28	Q1449	r_s	modèle de piété et de sagesse pour les enfants	modèle de piété et de sagesse pour les enfants	P39	didactique	Q3918 
72.29	Q1807	r_s	discussions politiques, intentions didactiques	didactique	P39	didactique	Q3918 
75.30	Q1883	r_s	intentions didactiques (vulgarisation de théories scientifiques)	didactique	P39	didactique	Q3918 
78.30	Q1973	r_s	sensibilité, but didactique, esprit de système	but didactique	P39	didactique	Q3918 
85.40	Q2184	r_s	imitations d’Ossian, thèmes philosophiques, intentions didactiques, tendances réalistes	didactique	P39	didactique	Q3918 
87.1	Q2232	r_s	thème de l’éducation, critique des mœurs	thème de l’éducation	P39	didactique	Q3918 
89.112	Q2327	r_s	intentions didactiques	didactique	P39	didactique	Q3918 
89.26	Q2339	r_s	prétentions didactiques	didactique	P39	didactique	Q3918 
95.10	Q2506	r_s	épopée didactique	didactique	P39	didactique	Q3918 
97.44	Q2580	r_s	thèmes philosophiques, intentions didactiques	didactique	P39	didactique	Q3918 
98.62	Q2621	r_s	but didactique	but didactique	P39	didactique	Q3918 
99.120	Q2658	r_s	intentions didactiques	didactique	P39	didactique	Q3918 
82.20	Q1054	r_s	but didactique (roman d’éducation), sensibilité, vertu.	but didactique	P39	didactique	Q3918 
60.32	Q1418	r_s	discussions littéraires, linguistiques, philosophiques	discussions littéraires, linguistiques, philosophiques	P39	discussions littéraires	Q3919 
65.52	Q1552	r_s	discussions littéraires	discussions littéraires	P39	discussions littéraires	Q3919 
00.58	Q1180	r_s	éléments historiques (Charles Martel, la bataille de Tours)	éléments historiques (Charles Martel, la bataille de Tours)	P39	éléments (pseudo-)historiques	Q3920 
51.8	Q1240	r_s	narration pseudo-historique	narration pseudo-historique	P39	éléments (pseudo-)historiques	Q3920 
52.29	Q1256	r_s	ton pseudo-historique et sensible	ton pseudo-historique et sensible	P39	éléments (pseudo-)historiques	Q3920 
54.28	Q1304	r_s	ton pseudohistorique	ton pseudohistorique	P39	éléments (pseudo-)historiques	Q3920 
55.3.	Q1331	r_s	éléments pseudo-historiques	éléments pseudo-historiques	P39	éléments (pseudo-)historiques	Q3920 
66.34	Q1576	r_s	éléments pseudo-historiques	éléments pseudo-historiques	P39	éléments (pseudo-)historiques	Q3920 
86.61	Q2226	r_s	pseudo-mémoires d’un personnage historique	pseudo-mémoires d’un personnage historique	P39	éléments (pseudo-)historiques	Q3920 
00.10	Q1102	r_s	ton sensible, réflexions morales	morale	P39	morale	Q3921 
00.146	Q1144	r_s	sensibilité et prétentions moralisatrices	sensibilité et prétentions moralisatrices	P39	morale	Q3921 
00.18	Q1150	r_s	peinture des mœurs, ton sentimental	peinture des mœurs	P39	morale	Q3921 
00.28	Q1158	r_s	ton sentimental et moralisateur	ton sentimental et moralisateur	P39	morale	Q3921 
00.63	Q1185	r_s	ton sentimental, réflexions morales	morale	P39	morale	Q3921 
00.75	Q1197	r_s	sensibilité, but moralisateur	but moralisateur	P39	morale	Q3921 
51.31	Q1227	r_s	observations sur les mœurs européennes, ton plaisant	observations sur les mœurs européennes	P39	morale	Q3921 
51.37	Q1233	r_s	intentions moralisatrices, thème de l’éducation	intentions moralisatrices	P39	morale	Q3921 
53.14	Q1273	r_s	réflexions morales, sensibilité	morale	P39	morale	Q3921 
53.24	Q1280	r_s	ton moralisateur	ton moralisateur	P39	morale	Q3921 
53.31	Q1284	r_s	sensibilité, intentions moralisatrices	intentions moralisatrices	P39	morale	Q3921 
54.29	Q1305	r_s	analyse morale	morale	P39	morale	Q3921 
54.3	Q1306	r_s	intentions moralisatrices	intentions moralisatrices	P39	morale	Q3921 
54.8	Q1312	r_s	but moralisateur	but moralisateur	P39	morale	Q3921 
55.15	Q1319	r_s	intentions moralisatrices	intentions moralisatrices	P39	morale	Q3921 
55.39	Q1340	r_s	intentions moralisatrices	intentions moralisatrices	P39	morale	Q3921 
56.5	Q1363	r_s	intentions moralisatrices	intentions moralisatrices	P39	morale	Q3921 
57.1	Q1367	r_s	la morale, la politique, etc.	morale	P39	morale	Q3921 
57.14	Q1369	r_s	intentions moralisatrices, sensibilité, mélancolie	intentions moralisatrices	P39	morale	Q3921 
57.15	Q1370	r_s	intentions moralisatrices, sensibilité, mélancolie	intentions moralisatrices	P39	morale	Q3921 
57.3	Q1374	r_s	ton libre, fin moralisatrice	fin moralisatrice	P39	morale	Q3921 
57.9	Q1375	r_s	intentions moralisatrices (préceptes pour les jeunes gens qui entrent dans le monde)	intentions moralisatrices (préceptes pour les jeunes gens qui entrent dans le monde)	P39	morale	Q3921 
58.20	Q1382	r_s	réflexions, intentions moralisatrices	intentions moralisatrices	P39	morale	Q3921 
60.23	Q1410	r_s	intentions moralisatrices	intentions moralisatrices	P39	morale	Q3921 
61.11	Q1425	r_s	intentions édifiantes	intentions édifiantes	P39	morale	Q3921 
61.13	Q1427	r_s	but moralisateur	but moralisateur	P39	morale	Q3921 
62.23	Q1447	r_s	but moralisateur	but moralisateur	P39	morale	Q3921 
62.27	Q1448	r_s	but édifiant	but édifiant	P39	morale	Q3921 
63.12	Q1464	r_s	conte moral	conte moral	P39	morale	Q3921 
63.16	Q1466	r_s	prétentions moralisatrices	prétentions moralisatrices	P39	morale	Q3921 
63.21	Q1470	r_s	conte moral	conte moral	P39	morale	Q3921 
63.38	Q1478	r_s	intentions moralisatrices	intentions moralisatrices	P39	morale	Q3921 
63.40	Q1481	r_s	intentions moralisatrices	intentions moralisatrices	P39	morale	Q3921 
63.8	Q1487	r_s	but moralisateur, sensibilité	but moralisateur	P39	morale	Q3921 
64.21	Q1497	r_s	intentions moralisatrices	intentions moralisatrices	P39	morale	Q3921 
64.3	Q1502	r_s	ton moralisateur, sensibilité	ton moralisateur	P39	morale	Q3921 
64.30	Q1503	r_s	intentions moralisatrices	intentions moralisatrices	P39	morale	Q3921 
65.25	Q1531	r_s	intentions moralisatrices, sensibilité	intentions moralisatrices	P39	morale	Q3921 
65.30	Q1534	r_s	intentions moralisatrices	intentions moralisatrices	P39	morale	Q3921 
65.34	Q1537	r_s	intentions édifiantes, discussions morales	morale	P39	morale	Q3921 
65.42	Q1543	r_s	sensibilité, malheurs, intentions moralisatrices (à la manière de Prévost)	intentions moralisatrices (à la manière de Prévost)	P39	morale	Q3921 
65.45	Q1546	r_s	intentions moralisatrices	intentions moralisatrices	P39	morale	Q3921 
66.29	Q1572	r_s	intentions moralisatrices et pieuses	intentions moralisatrices et pieuses	P39	morale	Q3921 
66.30	Q1573	r_s	intentions moralisatrices, sensibilité	intentions moralisatrices	P39	morale	Q3921 
66.31	Q1574	r_s	intentions moralisatrices	intentions moralisatrices	P39	morale	Q3921 
66.36	Q1578	r_s	intentions édifiantes	intentions édifiantes	P39	morale	Q3921 
66.40	Q1582	r_s	peinture des mœurs	peinture des mœurs	P39	morale	Q3921 
67.1	Q1588	r_s	intentions moralisatrices	intentions moralisatrices	P39	morale	Q3921 
67.20	Q1599	r_s	intentions moralisatrices et pieuses	intentions moralisatrices et pieuses	P39	morale	Q3921 
67.41	Q1614	r_s	intentions moralisatrices, vertu, sensibilité	intentions moralisatrices	P39	morale	Q3921 
68.42	Q1656	r_s	observations morales et philosophiques	morale	P39	morale	Q3921 
68.46	Q1659	r_s	intentions moralisatrices	intentions moralisatrices	P39	morale	Q3921 
68.48	Q1661	r_s	intentions moralisatrices, analyse des sentiments	intentions moralisatrices	P39	morale	Q3921 
68.53	Q1666	r_s	ton satirique, intentions moralisatrices	intentions moralisatrices	P39	morale	Q3921 
68.5bis	Q1669	r_s	ton sentimental et moralisateur	ton sentimental et moralisateur	P39	morale	Q3921 
69.12	Q1674	r_s	intentions moralisatrices, sensibilité effrénée, mélancolie	intentions moralisatrices	P39	morale	Q3921 
69.30	Q1690	r_s	ton sensible, intentions moralisatrices	intentions moralisatrices	P39	morale	Q3921 
69.36	Q1695	r_s	prétentions moralisatrices	prétentions moralisatrices	P39	morale	Q3921 
69.50	Q1704	r_s	vertu, sensibilité, prétentions moralisatrices	prétentions moralisatrices	P39	morale	Q3921 
69.56	Q1708	r_s	sensibilité, vertu, prétentions moralisatrices	prétentions moralisatrices	P39	morale	Q3921 
69.60	Q1711	r_s	prétentions moralisatrices, sensibilité effrénée	prétentions moralisatrices	P39	morale	Q3921 
70.14	Q1720	r_s	intentions moralisatrices, tendances réalistes	intentions moralisatrices	P39	morale	Q3921 
70.16	Q1721	r_s	allégorie morale	morale	P39	morale	Q3921 
70.22	Q1726	r_s	prétentions moralisatrices, sensibilité	prétentions moralisatrices	P39	morale	Q3921 
70.27	Q1731	r_s	intentions moralisatrices, sensibilité, mélancolie	intentions moralisatrices	P39	morale	Q3921 
70.29	Q1733	r_s	intentions moralisatrices	intentions moralisatrices	P39	morale	Q3921 
70.3	Q1734	r_s	sensibilité, prétentions moralisatrices	prétentions moralisatrices	P39	morale	Q3921 
71.20	Q1770	r_s	intentions moralisatrices	intentions moralisatrices	P39	morale	Q3921 
71.30	Q1777	r_s	observations morales	morale	P39	morale	Q3921 
71.37	Q1782	r_s	intentions moralisatrices	intentions moralisatrices	P39	morale	Q3921 
71.41	Q1785	r_s	ton léger, mais intentions moralisatrices	intentions moralisatrices	P39	morale	Q3921 
71.42	Q1786	r_s	intentions édifiantes et pieuses	intentions édifiantes	P39	morale	Q3921 
72.12	Q1793	r_s	intentions moralisatrices	intentions moralisatrices	P39	morale	Q3921 
72.24bis	Q1803	r_s	intentions moralisatrices, réflexions édifiantes	intentions moralisatrices	P39	morale	Q3921 
72.31	Q1809	r_s	prétentions moralisatrices	prétentions moralisatrices	P39	morale	Q3921 
73.15	Q1823	r_s	critique des mœurs et observations morales	morale	P39	morale	Q3921 
73.16	Q1824	r_s	sensibilité, intentions moralisatrices	intentions moralisatrices	P39	morale	Q3921 
73.18	Q1826	r_s	intentions moralisatrices	intentions moralisatrices	P39	morale	Q3921 
73.31	Q1834	r_s	ton léger, intentions moralisatrices	intentions moralisatrices	P39	morale	Q3921 
74.17	Q1850	r_s	sensibilité, intentions moralisatrices	intentions moralisatrices	P39	morale	Q3921 
74.6	Q1864	r_s	sensibilité, prétentions moralisatrices	prétentions moralisatrices	P39	morale	Q3921 
75.11	Q1870	r_s	prétentions moralisatrices	prétentions moralisatrices	P39	morale	Q3921 
76.44	Q1918	r_s	prétentions moralisatrices, tendances réalistes, sensibilité	prétentions moralisatrices	P39	morale	Q3921 
77.35	Q1937	r_s	prétentions moralisatrices	prétentions moralisatrices	P39	morale	Q3921 
77.38	Q1938	r_s	sensibilité, prétentions morales (portrait du citoyen vertueux)	morale	P39	morale	Q3921 
77.52	Q1947	r_s	sensibilité, prétentions moralisatrices	prétentions moralisatrices	P39	morale	Q3921 
77.53	Q1948	r_s	sensibilité, vertu, prétentions moralisatrices	prétentions moralisatrices	P39	morale	Q3921 
78.31	Q1974	r_s	biographie romancée, intentions moralisatrices	intentions moralisatrices	P39	morale	Q3921 
78.5	Q1980	r_s	but moralisateur, ton élevé	but moralisateur	P39	morale	Q3921 
79.31	Q2000	r_s	fortes tendances réalistes, sensibilité, prétentions moralisatrices	prétentions moralisatrices	P39	morale	Q3921 
80.23	Q2022	r_s	but moralisateur	but moralisateur	P39	morale	Q3921 
80.27	Q2025	r_s	réalisme du cadre, autobiographie romancée, sensibilité, prétentions moralisatrices	prétentions moralisatrices	P39	morale	Q3921 
81.2	Q2045	r_s	discussions philosophiques et morales	morale	P39	morale	Q3921 
81.23	Q2048	r_s	intentions édifiantes	intentions édifiantes	P39	morale	Q3921 
81.25	Q2049	r_s	prétentions moralisatrices	prétentions moralisatrices	P39	morale	Q3921 
81.28	Q2051	r_s	intentions moralisatrices	intentions moralisatrices	P39	morale	Q3921 
82.13	Q2060	r_s	sensibilité, observations politiques et morales	observations politiques et morales	P39	morale	Q3921 
83.59	Q2115	r_s	sensibilité, prétentions moralisatrices	prétentions moralisatrices	P39	morale	Q3921 
83.8	Q2118	r_s	conclusions moralisatrices	conclusions moralisatrices	P39	morale	Q3921 
84.2	Q2126	r_s	but moralisateur	but moralisateur	P39	morale	Q3921 
84.20	Q2127	r_s	ton moralisateur	ton moralisateur	P39	morale	Q3921 
84.26	Q2133	r_s	prétentions moralisatrices	prétentions moralisatrices	P39	morale	Q3921 
84.4	Q2145	r_s	ton moralisateur	ton moralisateur	P39	morale	Q3921 
85.20	Q2168	r_s	discussions morales	morale	P39	morale	Q3921 
85.26	Q2172	r_s	thèmes moraux	thèmes moraux	P39	morale	Q3921 
85.7	Q2190	r_s	ton sentimental et moralisateur, observations des mœurs mauresques	ton sentimental et moralisateur	P39	morale	Q3921 
86.42	Q2211	r_s	sensibilité, prétentions moralisatrices	prétentions moralisatrices	P39	morale	Q3921 
86.43	Q2212	r_s	intentions édifiantes	intentions édifiantes	P39	morale	Q3921 
86.8	Q2230	r_s	sensibilité, prétentions moralisatrices, attaques contre les philosophes	prétentions moralisatrices	P39	morale	Q3921 
87.61	Q2262	r_s	intentions moralisatrices, sensibilité	intentions moralisatrices	P39	morale	Q3921 
88.1	Q2270	r_s	prétentions moralisatrices	prétentions moralisatrices	P39	morale	Q3921 
88.56	Q2299	r_s	prétentions moralisatrices, sensibilité	prétentions moralisatrices	P39	morale	Q3921 
88.92	Q2317	r_s	intentions moralisatrices	intentions moralisatrices	P39	morale	Q3921 
89.53	Q2351	r_s	ton sentimental et moralisateur	ton sentimental et moralisateur	P39	morale	Q3921 
89.57	Q2355	r_s	prétentions moralisatrices	prétentions moralisatrices	P39	morale	Q3921 
89.64	Q2359	r_s	prétentions moralisatrices	prétentions moralisatrices	P39	morale	Q3921 
89.82	Q2365	r_s	prétentions moralisatrices, sensibilité	prétentions moralisatrices	P39	morale	Q3921 
89.92	Q2370	r_s	prétentions moralisatrices	prétentions moralisatrices	P39	morale	Q3921 
90.48	Q2402	r_s	ton moralisateur	ton moralisateur	P39	morale	Q3921 
90.62	Q2413	r_s	prétentions moralisatrices	prétentions moralisatrices	P39	morale	Q3921 
94.15	Q2498	r_s	observations sur les mœurs	observations sur les mœurs	P39	morale	Q3921 
96.16	Q2529	r_s	ton sentimental et moralisateur	ton sentimental et moralisateur	P39	morale	Q3921 
96.41	Q2542	r_s	réflexions morales	morale	P39	morale	Q3921 
96.52	Q2551	r_s	sensibilité, ton moralisateur	ton moralisateur	P39	morale	Q3921 
97.73	Q2594	r_s	intentions moralisatrices	intentions moralisatrices	P39	morale	Q3921 
98.1	Q2596	r_s	peinture des mœurs, observations morales, sensibilité	morale	P39	morale	Q3921 
98.19	Q2601	r_s	sensibilité, ton moralisateur	ton moralisateur	P39	morale	Q3921 
98.65	Q2623	r_s	prétentions moralisatrices	prétentions moralisatrices	P39	morale	Q3921 
98.81	Q2633	r_s	sensibilité, prétentions moralisatrices	prétentions moralisatrices	P39	morale	Q3921 
99.109	Q2647	r_s	sensibilité, intentions moralisatrices	intentions moralisatrices	P39	morale	Q3921 
99.118	Q2656	r_s	intentions moralisatrices et philosophiques	intentions moralisatrices et philosophiques	P39	morale	Q3921 
99.129	Q2666	r_s	sensibilité, intentions moralisatrices	intentions moralisatrices	P39	morale	Q3921 
99.133	Q2668	r_s	prétentions moralisatrices	prétentions moralisatrices	P39	morale	Q3921 
99.136	Q2671	r_s	sensibilité, ton moralisateur	ton moralisateur	P39	morale	Q3921 
99.148	Q2681	r_s	ton mondain et moralisateur	ton mondain et moralisateur	P39	morale	Q3921 
99.158	Q2688	r_s	critique sociale, ton moralisateur et sensible	ton moralisateur	P39	morale	Q3921 
99.167	Q2693	r_s	sensibilité, prétentions moralisatrices	prétentions moralisatrices	P39	morale	Q3921 
99.20	Q2701	r_s	ton moralisateur	ton moralisateur	P39	morale	Q3921 
99.3	Q2709	r_s	ton sentimental et moralisateur	ton sentimental et moralisateur	P39	morale	Q3921 
99.40	Q2720	r_s	conte moral	conte moral	P39	morale	Q3921 
99.6	Q2732	r_s	ton voluptueux mais moralisateur	ton voluptueux mais moralisateur	P39	morale	Q3921 
99.60	Q2733	r_s	ton sombre et moralisateur	ton sombre et moralisateur	P39	morale	Q3921 
51.42	Q1010	r_s	but moralisateur.	but moralisateur	P39	morale	Q3921 
58.13	Q1017	r_s	réflexions morales.	morale	P39	morale	Q3921 
74.15	Q1043	r_s	sensibilité, vertu, prétentions moralisatrices.	prétentions moralisatrices	P39	morale	Q3921 
77.57	Q1049	r_s	observations sur les mœurs.	observations sur les mœurs	P39	morale	Q3921 
84.58	Q1065	r_s	sensibilité, intentions moralisatrices, tendances réalistes.	intentions moralisatrices	P39	morale	Q3921 
87.25	Q1070	r_s	fin moralisatrice.	fin moralisatrice	P39	morale	Q3921 
89.81	Q1076	r_s	prétentions moralisatrices.	prétentions moralisatrices	P39	morale	Q3921 
00.49	Q1171	r_s	thèmes pédagogiques et philosophiques	thèmes pédagogiques et philosophiques	P39	philosophie	Q3922 
00.66	Q1188	r_s	ton satirique, thèmes philosophiques, sensibilité	thèmes philosophiques	P39	philosophie	Q3922 
58.1	Q1376	r_s	ton satirique, réflexions philosophiques	réflexions philosophiques	P39	philosophie	Q3922 
58.15	Q1378	r_s	réflexions philosophiques, sensibilité	réflexions philosophiques	P39	philosophie	Q3922 
59.10	Q1388	r_s	thèmes philosophiques	thèmes philosophiques	P39	philosophie	Q3922 
59.7	Q1399	r_s	thèmes philosophiques	thèmes philosophiques	P39	philosophie	Q3922 
60.29	Q1414	r_s	thèmes philosophiques	thèmes philosophiques	P39	philosophie	Q3922 
63.42	Q1483	r_s	remarques sur les mœurs, les institutions, thèmes philosophiques, ton satirique	thèmes philosophiques	P39	philosophie	Q3922 
65.14	Q1520	r_s	thèmes philosophiques	thèmes philosophiques	P39	philosophie	Q3922 
66.21	Q1566	r_s	ton satirique, thèmes philosophiques	thèmes philosophiques	P39	philosophie	Q3922 
66.35	Q1577	r_s	thèmes philosophiques, sensibilité, mélancolie	thèmes philosophiques	P39	philosophie	Q3922 
68.55	Q1035	r_s	thèmes économiques et philosophiques	thèmes économiques et philosophiques	P39	philosophie	Q3922 
68.56	Q1668	r_s	critique des mœurs, thèmes philosophiques	thèmes philosophiques	P39	philosophie	Q3922 
69.69	Q1715	r_s	critique de l’Eglise, thèmes philosophiques	thèmes philosophiques	P39	philosophie	Q3922 
70.38	Q1739	r_s	thèmes philosophiques	thèmes philosophiques	P39	philosophie	Q3922 
71.22	Q1772	r_s	considérations philosophiques	considérations philosophiques	P39	philosophie	Q3922 
71.39	Q1783	r_s	roman d’éducation, thèmes philosophiques	thèmes philosophiques	P39	philosophie	Q3922 
72.16	Q1798	r_s	thèmes philosophiques	thèmes philosophiques	P39	philosophie	Q3922 
72.6	Q1816	r_s	ton satirique, thèmes philosophiques	thèmes philosophiques	P39	philosophie	Q3922 
74.33	Q1861	r_s	thèmes philosophiques	thèmes philosophiques	P39	philosophie	Q3922 
75.44	Q1892	r_s	thèmes philosophiques	thèmes philosophiques	P39	philosophie	Q3922 
75.46	Q1894	r_s	thèmes philosophiques	thèmes philosophiques	P39	philosophie	Q3922 
79.29	Q1997	r_s	thèmes philosophiques	thèmes philosophiques	P39	philosophie	Q3922 
81.2	Q2045	r_s	discussions philosophiques et morales	discussions philosophiques et morales	P39	philosophie	Q3922 
81.29	Q2052	r_s	thèmes philosophiques, théories pseudoscientifiques, critique des mœurs	thèmes philosophiques	P39	philosophie	Q3922 
82.32	Q2070	r_s	thèmes philosophiques	thèmes philosophiques	P39	philosophie	Q3922 
83.29	Q2095	r_s	thèmes philosophiques	thèmes philosophiques	P39	philosophie	Q3922 
83.32	Q2096	r_s	thèmes philosophiques	thèmes philosophiques	P39	philosophie	Q3922 
84.36	Q2141	r_s	thèmes philosophiques, ton satirique	thèmes philosophiques	P39	philosophie	Q3922 
85.40	Q2184	r_s	imitations d’Ossian, thèmes philosophiques, intentions didactiques, tendances réalistes	thèmes philosophiques	P39	philosophie	Q3922 
86.46	Q2215	r_s	ton satirique, prétentions philosophiques	prétentions philosophiques	P39	philosophie	Q3922 
86.8	Q2230	r_s	sensibilité, prétentions moralisatrices, attaques contre les philosophes	attaques contre les philosophes	P39	philosophie	Q3922 
87.4	Q2246	r_s	observations politiques, thèmes philosophiques, pseudo-épopée	thèmes philosophiques	P39	philosophie	Q3922 
87.54	Q2257	r_s	prétentions philosophiques	prétentions philosophiques	P39	philosophie	Q3922 
88.11	Q2275	r_s	discours philosophiques	discours philosophiques	P39	philosophie	Q3922 
88.39	Q2288	r_s	réflexions philosophiques de toutes sortes	réflexions philosophiques de toutes sortes	P39	philosophie	Q3922 
96.3	Q2534	r_s	tendances réalistes, thèmes philosophiques	thèmes philosophiques	P39	philosophie	Q3922 
96.38	Q2539	r_s	thèmes philosophiques	thèmes philosophiques	P39	philosophie	Q3922 
97.44	Q2580	r_s	thèmes philosophiques, intentions didactiques	thèmes philosophiques	P39	philosophie	Q3922 
98.3	Q2606	r_s	thèmes philosophiques, ton satirique (imitation de Candide)	thèmes philosophiques	P39	philosophie	Q3922 
98.5	Q2618	r_s	thèmes philosophiques	thèmes philosophiques	P39	philosophie	Q3922 
99.128	Q2665	r_s	ton satirique, thèmes philosophiques	thèmes philosophiques	P39	philosophie	Q3922 
99.160	Q2691	r_s	éléments merveilleux, thèmes philosophiques, ton facétieux	thèmes philosophiques	P39	philosophie	Q3922 
99.68	Q2737	r_s	thèmes philosophiques	thèmes philosophiques	P39	philosophie	Q3922 
52.43	Q1011	r_s	thèmes philosophiques, ton satirique.	thèmes philosophiques	P39	philosophie	Q3922 
67.39	Q1033	r_s	style noble, vertu, thèmes philosophiques.	thèmes philosophiques	P39	philosophie	Q3922 
68.55	Q1035	r_s	thèmes économiques et philosophiques	thèmes économiques et philosophiques	P39	philosophie	Q3922 
82.27	Q1055	r_s	thèmes philosophiques, quelques épisodes aux tendances réalistes.	thèmes philosophiques	P39	philosophie	Q3922 
97.21	Q1088	r_s	thèmes philosophiques, mise en cause des techniques du romancier.	thèmes philosophiques	P39	philosophie	Q3922 
97.22	Q1089	r_s	thèmes philosophiques et humanitaires.	thèmes philosophiques	P39	philosophie	Q3922 
00.100	Q1103	r_s	ton satirique	ton satirique	P39	satire	Q3906 
00.121	Q1124	r_s	ton satirique, tendances réalistes	ton satirique	P39	satire	Q3906 
00.138	Q1140	r_s	ton satirique	ton satirique	P39	satire	Q3906 
00.19	Q1151	r_s	ton satirique	ton satirique	P39	satire	Q3906 
00.21	Q1152	r_s	ton satirique	ton satirique	P39	satire	Q3906 
00.43	Q1168	r_s	ton satirique	ton satirique	P39	satire	Q3906 
00.57	Q1179	r_s	style familier, ton satirique	ton satirique	P39	satire	Q3906 
00.64	Q1186	r_s	précisions pornographiques, ton satirique	ton satirique	P39	satire	Q3906 
00.66	Q1188	r_s	ton satirique, thèmes philosophiques, sensibilité	ton satirique	P39	satire	Q3906 
51.36	Q1232	r_s	autobiographie romancée, avec traits satiriques	traits satiriques	P39	satire	Q3906 
51.38	Q1234	r_s	ton satirique	ton satirique	P39	satire	Q3906 
51.39	Q1235	r_s	satire de la religion chrétienne, du luxe, etc.	satire	P39	satire	Q3906 
52.17	Q1248	r_s	ton satirique	ton satirique	P39	satire	Q3906 
52.18	Q1249	r_s	ton satirique	ton satirique	P39	satire	Q3906 
52.28	Q1255	r_s	ton satirique	ton satirique	P39	satire	Q3906 
52.4	Q1263	r_s	conte de fée avec des traits satiriques	traits satiriques	P39	satire	Q3906 
53.5	Q1288	r_s	ton satirique	ton satirique	P39	satire	Q3906 
53.8	Q1290	r_s	ton satirique	ton satirique	P39	satire	Q3906 
54.10	Q1293	r_s	ton satirique	ton satirique	P39	satire	Q3906 
55.10	Q1315	r_s	ton scabreux	ton scabreux	P39	satire	Q3906 
55.11	Q1316	r_s	critique des mœurs, ton satirique	ton satirique	P39	satire	Q3906 
55.38	Q1339	r_s	éléments satiriques	éléments satiriques	P39	satire	Q3906 
57.10	Q1368	r_s	satire du parti des Philosophes	satire	P39	satire	Q3906 
58.1	Q1376	r_s	ton satirique, réflexions philosophiques	ton satirique	P39	satire	Q3906 
59.9	Q1401	r_s	ton satirique	ton satirique	P39	satire	Q3906 
60.1	Q1402	r_s	ton satirique	ton satirique	P39	satire	Q3906 
60.14	Q1405	r_s	ton satirique	ton satirique	P39	satire	Q3906 
60.24	Q1411	r_s	ton satirique	ton satirique	P39	satire	Q3906 
61.22	Q1432	r_s	ton satirique	ton satirique	P39	satire	Q3906 
61.25	Q1433	r_s	Utopie et tendances satiriques	Utopie et tendances satiriques	P39	satire	Q3906 
61.3	Q1435	r_s	ton satirique	ton satirique	P39	satire	Q3906 
62.36	Q1453	r_s	satire des disputes entre Jésuites et Capucins	satire	P39	satire	Q3906 
63.10	Q1462	r_s	ton satirique	ton satirique	P39	satire	Q3906 
63.32	Q1476	r_s	ton satirique (parodie des ‘mémoires’ dans le genre de la Vie de Marianne)	ton satirique (parodie des ‘mémoires’ dans le genre de la Vie de Marianne)	P39	satire	Q3906 
63.42	Q1483	r_s	remarques sur les mœurs, les institutions, thèmes philosophiques, ton satirique	ton satirique	P39	satire	Q3906 
63.5	Q1484	r_s	satire contre les Jésuites	satire contre les Jésuites	P39	satire	Q3906 
64.44	Q1510	r_s	ton satirique	ton satirique	P39	satire	Q3906 
65.11	Q1518	r_s	critique des mœurs, ton satirique	ton satirique	P39	satire	Q3906 
65.38	Q1540	r_s	ton satirique	ton satirique	P39	satire	Q3906 
65.7	Q1554	r_s	ton satirique	ton satirique	P39	satire	Q3906 
66.21	Q1566	r_s	ton satirique, thèmes philosophiques	ton satirique	P39	satire	Q3906 
66.24	Q1568	r_s	ton satirique	ton satirique	P39	satire	Q3906 
66.37	Q1579	r_s	ton satirique	ton satirique	P39	satire	Q3906 
67.12	Q1591	r_s	ton satirique	ton satirique	P39	satire	Q3906 
67.3	Q1606	r_s	ton satirique	ton satirique	P39	satire	Q3906 
67.38	Q1611	r_s	ton satirique	ton satirique	P39	satire	Q3906 
67.47	Q1618	r_s	ton satirique	ton satirique	P39	satire	Q3906 
67.52	Q1622	r_s	ton satirique, sensibilité à la fin	ton satirique	P39	satire	Q3906 
68.22	Q1636	r_s	ton satirique	ton satirique	P39	satire	Q3906 
68.23	Q1637	r_s	satire des institutions économiques	satire	P39	satire	Q3906 
68.38	Q1652	r_s	ton satirique	ton satirique	P39	satire	Q3906 
68.41	Q1655	r_s	ton satirique	ton satirique	P39	satire	Q3906 
68.53	Q1666	r_s	ton satirique, intentions moralisatrices	ton satirique	P39	satire	Q3906 
69.14	Q1676	r_s	ton satirique	ton satirique	P39	satire	Q3906 
69.25	Q1685	r_s	ton satirique	ton satirique	P39	satire	Q3906 
69.52	Q1706	r_s	ton satirique	ton satirique	P39	satire	Q3906 
69.63	Q1712	r_s	ton satirique	ton satirique	P39	satire	Q3906 
70.32	Q1735	r_s	ton satirique	ton satirique	P39	satire	Q3906 
70.6	Q1751	r_s	ton ironique, épopée burlesque	ton ironique	P39	satire	Q3906 
70.65	Q1755	r_s	ton satirique	ton satirique	P39	satire	Q3906 
70.77	Q1763	r_s	ton satirique	ton satirique	P39	satire	Q3906 
71.27	Q1775	r_s	ton satirique	ton satirique	P39	satire	Q3906 
71.8	Q1789	r_s	ton satirique	ton satirique	P39	satire	Q3906 
72.15	Q1797	r_s	ton satirique	ton satirique	P39	satire	Q3906 
72.6	Q1816	r_s	ton satirique, thèmes philosophiques	ton satirique	P39	satire	Q3906 
73.19	Q1827	r_s	ton satirique	ton satirique	P39	satire	Q3906 
73.21	Q1828	r_s	ton satirique	ton satirique	P39	satire	Q3906 
73.4	Q1840	r_s	ton satirique	ton satirique	P39	satire	Q3906 
74.5	Q1863	r_s	ton satirique	ton satirique	P39	satire	Q3906 
75.18	Q1875	r_s	ton satirique	ton satirique	P39	satire	Q3906 
75.27	Q1881	r_s	ton satirique	ton satirique	P39	satire	Q3906 
75.38	Q1887	r_s	ton satirique	ton satirique	P39	satire	Q3906 
76.24	Q1904	r_s	ton satirique	ton satirique	P39	satire	Q3906 
76.45	Q1919	r_s	ton satirique	ton satirique	P39	satire	Q3906 
77.13	Q1930	r_s	ton satirique	ton satirique	P39	satire	Q3906 
78.15	Q1959	r_s	ton satirique	ton satirique	P39	satire	Q3906 
78.18	Q1961	r_s	ton satirique	ton satirique	P39	satire	Q3906 
78.25	Q1968	r_s	ton satirique	ton satirique	P39	satire	Q3906 
79.1	Q1982	r_s	ton satirique	ton satirique	P39	satire	Q3906 
79.10	Q1983	r_s	ton satirique, tendances réalistes	ton satirique	P39	satire	Q3906 
79.11	Q1984	r_s	ton satirique	ton satirique	P39	satire	Q3906 
79.36	Q2004	r_s	ton satirique	ton satirique	P39	satire	Q3906 
80.18	Q2016	r_s	ton satirique	ton satirique	P39	satire	Q3906 
81.18	Q2044	r_s	ton satirique	ton satirique	P39	satire	Q3906 
81.6	Q2056	r_s	ton satirique	ton satirique	P39	satire	Q3906 
82.2	Q2062	r_s	ton satirique, puis sensibilité	ton satirique, puis sensibilité	P39	satire	Q3906 
82.3	Q2068	r_s	satire des Jésuites	satire	P39	satire	Q3906 
83.56	Q2113	r_s	ton satirique	ton satirique	P39	satire	Q3906 
84.23	Q2130	r_s	ton satirique	ton satirique	P39	satire	Q3906 
84.36	Q2141	r_s	thèmes philosophiques, ton satirique	ton satirique	P39	satire	Q3906 
84.38	Q2143	r_s	ton ironique	ton ironique	P39	satire	Q3906 
84.39	Q2144	r_s	ton satirique	ton satirique	P39	satire	Q3906 
85.16	Q2165	r_s	ton satirique	ton satirique	P39	satire	Q3906 
85.19	Q2166	r_s	ton satirique	ton satirique	P39	satire	Q3906 
85.33	Q2176	r_s	ton satirique	ton satirique	P39	satire	Q3906 
85.38	Q2181	r_s	ton satirique	ton satirique	P39	satire	Q3906 
85.43	Q2186	r_s	ton satirique	ton satirique	P39	satire	Q3906 
86.46	Q2215	r_s	ton satirique, prétentions philosophiques	ton satirique	P39	satire	Q3906 
86.60	Q2225	r_s	ton satirique	ton satirique	P39	satire	Q3906 
87.16	Q2236	r_s	ton satirique	ton satirique	P39	satire	Q3906 
87.20	Q2237	r_s	thèmes anticléricaux, ton satirique	ton satirique	P39	satire	Q3906 
87.60	Q2261	r_s	ton satirique	ton satirique	P39	satire	Q3906 
87.68	Q2265	r_s	ton satirique	ton satirique	P39	satire	Q3906 
88.17	Q2279	r_s	ton satirique	ton satirique	P39	satire	Q3906 
88.25	Q2282	r_s	ton satirique	ton satirique	P39	satire	Q3906 
88.86	Q2311	r_s	ton satirique	ton satirique	P39	satire	Q3906 
88.96	Q2321	r_s	ton satirique	ton satirique	P39	satire	Q3906 
89.2	Q2332	r_s	ton satirique	ton satirique	P39	satire	Q3906 
89.58	Q2356	r_s	ton satirique	ton satirique	P39	satire	Q3906 
89.63	Q2358	r_s	ton satirique	ton satirique	P39	satire	Q3906 
90.17	Q2383	r_s	ton satirique	ton satirique	P39	satire	Q3906 
90.40	Q2396	r_s	ton satirique, style ’ancien ’	ton satirique	P39	satire	Q3906 
90.7	Q2416	r_s	ton satirique	ton satirique	P39	satire	Q3906 
91.24	Q2432	r_s	ton satirique	ton satirique	P39	satire	Q3906 
91.8	Q2451	r_s	ton satirique	ton satirique	P39	satire	Q3906 
92.17	Q2459	r_s	ton satirique	ton satirique	P39	satire	Q3906 
92.7	Q2479	r_s	satire des mœurs	satire	P39	satire	Q3906 
93.15	Q2485	r_s	ton héroï-comique	ton héroï-comique	P39	satire	Q3906 
93.5	Q2490	r_s	satire politique, religieuse, médicale	satire	P39	satire	Q3906 
97.61	Q2586	r_s	ton satirique	ton satirique	P39	satire	Q3906 
98.3	Q2606	r_s	thèmes philosophiques, ton satirique (imitation de Candide)	ton satirique (imitation de Candide)	P39	satire	Q3906 
98.34	Q2609	r_s	construction désordonnée, ton satirique et facétieux	ton satirique et facétieux	P39	satire	Q3906 
98.82	Q2634	r_s	ton satirique	ton satirique	P39	satire	Q3906 
99.110	Q2649	r_s	ton satirique	ton satirique	P39	satire	Q3906 
99.114	Q2653	r_s	ton satirique	ton satirique	P39	satire	Q3906 
99.128	Q2665	r_s	ton satirique, thèmes philosophiques	ton satirique	P39	satire	Q3906 
99.141	Q2676	r_s	ton satirique, tendances réalistes	ton satirique	P39	satire	Q3906 
99.33	Q2713	r_s	ton satirique	ton satirique	P39	satire	Q3906 
99.44	Q2722	r_s	ton satirique	ton satirique	P39	satire	Q3906 
99.46	Q2723	r_s	ton satirique	ton satirique	P39	satire	Q3906 
99.50	Q2727	r_s	ton satirique	ton satirique	P39	satire	Q3906 
99.65	Q2735	r_s	ton satirique, sensibilité	ton satirique	P39	satire	Q3906 
99.92	Q2757	r_s	ton satirique	ton satirique	P39	satire	Q3906 
00.37	Q1009	r_s	précisions pornographiques. (Ce serait une satire contre Joséphine de Beauharnais, madame Tallien et madame Visconti.)	satire	P39	satire	Q3906 
52.43	Q1011	r_s	thèmes philosophiques, ton satirique.	ton satirique	P39	satire	Q3906 
58.5	Q1019	r_s	ton satirique	ton satirique	P39	satire	Q3906 
62.11	Q1026	r_s	critique des mœurs, ton satirique.	ton satirique	P39	satire	Q3906 
71.36	Q1039	r_s	ton satirique.	ton satirique	P39	satire	Q3906 
90.47	Q1077	r_s	ton satirique.	ton satirique	P39	satire	Q3906 
91.44	Q1080	r_s	ton satirique.	ton satirique	P39	satire	Q3906 
